OFF_FR,FCEN_FR,OFF_EN,FCEN_EN,OFF_ID,FCEN_ID
Flocons d'épeautre complet,"Céréale, prête-à-manger, flocons d'épeautre, Nature's Path",,"Cereal, ready to eat, Spelt Flakes, Nature's Path",en:whole-grain-spelt-flakes,502055
Farine blanche,"Grains céréaliers, farine de blé, blanche, farine à gâteau",,"Grains, wheat flour, white, cake flour",de:weissmehl,4446
Farine blanche,"Grains céréaliers, farine de blé, blanche, préparation pour tortilla",,"Grains, wheat flour, white, tortilla mix",de:weissmehl,4447
Farine blanche,"Grains céréaliers, farine de blé, blanche, farine à pain",,"Grains, wheat flour, white, bread flour",de:weissmehl,4445
Farine blanche,"Grains céréaliers, farine de blé, blanche, teneur élevée en gluten",,"Grains, wheat flour, white, high gluten",de:weissmehl,4530
Farine blanche,"Grains céréaliers, farine de blé, blanche, tout usage, blanchie",,"Grains, wheat flour, white, all purpose, bleached",de:weissmehl,4501
Farine blanche,"Grains céréaliers, farine de blé, blanche, tout usage, non blanchie",,"Grains, wheat flour, white, all purpose, unbleached",de:weissmehl,501865
Acérola,"Azerole, crue",Acerola,"Acerola (West Indian cherry), raw",en:acerola,1484
Jus d'acérola,"Azerole, jus, frais",Acerola juice,"Acerola juice, raw",en:acerola-juice,1485
,"Lactoserum, acide, poudre",Acid whey,"Whey, acid, dry",en:acid-whey,78
,"Lactoserum, acide, liquide",Acid whey,"Whey, acid, fluid",en:acid-whey,77
Algue,"Algue, agar, crue",Algae,"Seaweed, agar, raw",en:algae,2202
Algue,"Algue, mousse d'Irlande, crue",Algae,"Seaweed, irishmoss, raw",en:algae,2203
Algue,"Algue, rhodyménie palmé (main de mere, nori), crue",Algae,"Seaweed, dulse (laver, nori), raw",en:algae,2205
Algue,"Algue, agar, séché",Algae,"Seaweed, agar, dried",en:algae,2318
Algue,"Algue, spiruline, crue",Algae,"Seaweed, spirulina, raw",en:algae,2319
Algue,"Algue, varech (kelp, kombu, tangle), crue",Algae,"Seaweed, kelp (kombu, tangle), raw",en:algae,2204
Algue,"Algue, wakame, cru",Algae,"Seaweed, wakame, raw",en:algae,2321
Algue,"Algue, dulse (rhodymemie palme, porphyre, nori), séchée",Algae,"Seaweed, dulse (laver, nori), dried",en:algae,2499
Algue,"Algue canadienne, cultivée, EMI-TSUNOMATA, séchée",Algae,"Seaweed, Canadian cultivated EMI-TSUNOMATA, dried",en:algae,502350
Algue,"Algue canadienne, cultivée, EMI-TSUNOMATA, réhydratée",Algae,"Seaweed, Canadian cultivated EMI-TSUNOMATA, rehydrated",en:algae,502351
Algue,"Algue, spiruline, séchée",Algae,"Seaweed, spirulina, dried",en:algae,2320
Farine d'amarante,"Grains céréaliers, amarante, farine",Amaranth flour,"Grains, amaranth, flour",en:amaranth-flour,6180
Graisse animale,"Gras animal, gras de bacon",Animal fat,"Animal fat, bacon grease",en:animal-fat,5310
Graisse animale,"Gras animal, saindoux (porc)",Animal fat,"Animal fat, lard (pork)",en:animal-fat,464
Graisse animale,"Gras animal, dinde",Animal fat,"Animal fat, turkey",en:animal-fat,448
Graisse animale,"Gras animal, canard",Animal fat,"Animal fat, duck",en:animal-fat,447
Graisse animale,"Gras animal, poulet",Animal fat,"Animal fat, chicken",en:animal-fat,445
Graisse animale,"Gras animal, suif de mouton (gras de mouton)",Animal fat,"Animal fat, mutton tallow",en:animal-fat,438
Graisse animale,"Gras animal, suif de boeuf (gras de boeuf)",Animal fat,"Animal fat, beef tallow",en:animal-fat,414
Graisse animale,"Gras animal, oie",Animal fat,"Animal fat, goose",en:animal-fat,449
Morue de l'Atlantique,"Poisson, morue, atlantique, crue",Atlantic cod,"Fish, cod (scrod), atlantic, raw",en:atlantic-cod,3194
,"Haricots, lima, secs, petits grains (de sieva), crus",Baby lima beans,"Beans, lima, dry, baby, raw",en:baby-lima-beans,3291
Extrait de malte d'orge,"Grains céréaliers, orge, malt, extrait, déshydraté",Barley malt extract,"Grains, barley, malt extract, dried",en:barley-malt-extract,219
Gras de bœuf,"Gras animal, suif de boeuf (gras de boeuf)",Beef fat,"Animal fat, beef tallow",en:beef-fat,414
Haricots noirs,"Haricots, noirs, grains mûrs, crus",Black beans,"Beans, black, mature seeds, raw",en:black-beans,3376
Dolique à oeil noir,"Haricots à oeil noir (dolique), communs, grains mûrs, crus",Black-eyed pea,"Black-eyed peas (cowpeas, crowder, southern), common, mature seeds, raw",en:black-eyed-pea,3282
Amandes blanchies,"Noix, amandes, séchées, blanchies, non rôties",Blanches almonds,"Nuts, almonds, dried, blanched, unroasted",en:blanches-almonds,2535
,"Épices, graines de moutarde, jaunes",Brown mustard seed,"Spices, mustard seed, yellow",en:brown-mustard-seed,192
Vergeoise,"Confiseries, sucre, brun (cassonade)",Brown sugar,"Sweets, sugar, brown",en:brown-sugar,4317
Babeurre,"Babeurre, liquide, culture, 2% M.G.",Buttermilk,"Milk, fluid, buttermilk, cultured, 2% M.F.",en:buttermilk,5487
Babeurre,"Babeurre, liquide, culture, 1% M.G.",Buttermilk,"Milk, fluid, buttermilk, cultured, 1% M.F.",en:buttermilk,124
Babeurre en poudre,"Babeurre, poudre, crème douce",Buttermilk powder,"Milk, dry, buttermilk, sweet cream",en:buttermilk-powder,67
Caroube,"Caroube, farine",Carob,"Carob (St. John's bread), flour",en:carob-seeds,3278
Farine de graines de caroube,"Caroube, farine",Carob flour,"Carob (St. John's bread), flour",en:carob-seed-flour,3278
Graines de céleri,"Épices, céleri, graines",Celery seed,"Spices, celery seed",en:celery-seed,175
Céréale,"Bébé, céréale, mélange de grains, sèche",Cereal,"Babyfood, cereal, mixed grain, dry",en:cereal,285
Peau de poulet,"Poulet à griller, peau seulement, pâte à frire, frit",Chicken skin,"Chicken, broiler, skin only, batter dipped, fried",en:chicken-skin,569
Purée de piments,"Épices, piments de la jamaïque, moulu",Chili puree,"Spices, allspice, ground",en:chili-puree,169
Purée de piments,"Piments de la Jamaïque, conserve",Chili puree,"Pimento, canned",en:chili-puree,2496
Oncorhynchus kéta,"Poisson, saumon, kéta, cru",Chum salmon,"Fish, salmon, chum (keta), raw",en:chum-salmon,3217
Coque,"Mollusques, coque, crue",Cockles,"Mollusks, cockle, raw",en:cockles,501622
Flocons de coco,"Noix, noix de coco, désséchée, sucrée, flocons, empaquetée",Coconut flakes,"Nuts, coconut meat, desiccated, sweetened, flaked, packaged",en:coconut-flakes,2560
Crème à café,"Crème, à café (de table), 15% M.G.",Coffee cream,"Cream, table (coffee), 15% M.F.",en:coffee-cream,151
Crème à café,Crème de table (à café) 20% M.G.,Coffee cream,"Cream, table (coffee), 20% M.F.",en:coffee-cream,163
Crème à café,"Crème à café (crème de table), 18% M.G.",Coffee cream,"Cream, table (coffee), 18% M.F.",en:coffee-cream,136
Colorant,"Colorant à café, liquide, léger",Colour,"Coffee whitener, liquid, light",en:colour,5470
Colorant,"Colorant à café (non laitier), en poudre, léger",Colour,"Coffee whitener (non dairy), powdered, light",en:colour,5465
Colorant,"Colorant à café (non laitier), en poudre",Colour,"Coffee whitener (non dairy), powdered",en:colour,122
Colorant,"Colorant à café (non laitier), liquide",Colour,"Coffee whitener (non dairy), liquid",en:colour,56
Colorant,"Colorant à café (non laitier), liquide, soya",Colour,"Coffee whitener (non dairy), liquid, soy creamer",en:colour,501890
Concentré de jus de pomme,"Pomme, jus, concentré, congélé, non dilué, sans vitamine C",Concentrated apple juice,"Apple juice, frozen concentrate, undiluted, without vitamin C",en:concentrated-apple-juice,1496
Jus de raisin concentré,"Raisin, jus, concentré, congelé, sucre et vitamine C ajoutés, non dilué",Concentrated grape juice,"Grape juice, frozen concentrate, sugar and vitamin C added, undiluted",en:concentrated-grape-juice,1719
Jus concentré,"Ananas, jus, concentré, congelé, non sucré, non dilué",Concentrated juice,"Pineapple juice, frozen concentrate, unsweetened, undiluted",en:concentrated-juice,1658
Jus concentré,"Pamplemousse, jus, concentré, congelé, non dilué",Concentrated juice,"Grapefruit juice, frozen concentrate, undiluted",en:concentrated-juice,1571
Jus concentré,"Orange, jus, concentré, congelé, non dilué",Concentrated juice,"Orange juice, frozen concentrate, undiluted",en:concentrated-juice,1724
Jus concentré,"Boisson au jus, agrumes, concentré congelé",Concentrated juice,"Juice drink, citrus fruit, frozen concentrate",en:concentrated-juice,2888
Jus concentré,"Pomme, jus, concentré, congelé, non dilué, vitamine C ajoutée",Concentrated juice,"Apple juice, frozen concentrate, undiluted, added vitamin C",en:concentrated-juice,1753
Jus concentré,"Pomme, jus, concentré, congélé, non dilué, sans vitamine C",Concentrated juice,"Apple juice, frozen concentrate, undiluted, without vitamin C",en:concentrated-juice,1496
Jus concentré,"Raisin, jus, concentré, congelé, sucre et vitamine C ajoutés, non dilué",Concentrated juice,"Grape juice, frozen concentrate, sugar and vitamin C added, undiluted",en:concentrated-juice,1719
Jus concentré,"Préparation pour cocktail non alcoolisé, concentré, congelé",Concentrated juice,"Cocktail mix, non-alcoholic, concentrated, frozen",en:concentrated-juice,5628
Jus concentré,"Jus, cocktail, canneberges, vitamine C ajoutée, concentré congelé",Concentrated juice,"Juice, cocktail, cranberry, vitamin C added, frozen concentrate",en:concentrated-juice,2975
Jus concentré,"Boisson au jus, punch aux fruits, concentré congelé",Concentrated juice,"Juice drink, fruit punch, frozen concentrate",en:concentrated-juice,2921
Jus concentré de citron,"Orange, jus, concentré, congelé, non dilué",Concentrated lemon juice,"Orange juice, frozen concentrate, undiluted",en:concentrated-lemon-juice,1724
Jus d'orange concentré,"Orange, jus, concentré, congelé, non dilué",Concentrated orange juice,"Orange juice, frozen concentrate, undiluted",en:concentrated-orange-juice,1724
Jus d'ananas concentré,"Ananas, jus, concentré, congelé, non sucré, non dilué",Concentrated pineapple juice,"Pineapple juice, frozen concentrate, unsweetened, undiluted",en:concentrated-pineapple-juice,1658
Concentré de protéines de lactosérum,"Boisson, isolat de protéines de lactosérum, poudre",Concentrated whey protein,"Beverage, whey protein isolate, powder",en:concentrated-whey-protein,502445
Jus de raisin blanc concentré,"Raisin, jus, concentré, congelé, sucre et vitamine C ajoutés, non dilué",Concentrated white grape juice,"Grape juice, frozen concentrate, sugar and vitamin C added, undiluted",en:concentrated-white-grape-juice,1719
Sirop de maïs,"Confiseries, sirop de maïs, foncé",Corn syrup,"Sweets, syrups, corn, dark",en:corn-syrup,4322
Sirop de maïs,"Confiseries, sirop de maïs, clair",Corn syrup,"Sweets, syrups, corn light",en:corn-syrup,4323
Crème fraîche de Normandie,"Crème, 5%",Cream from Normandy,"Cream, 5%",en:cream-from-normandy,502153
Crème en poudre,"Crème, succédané, aromatisé, en poudre",Cream powder,"Cream, substitute, flavoured, powdered",en:cream-powder,501507
Crème en poudre,"Babeurre, poudre, crème douce",Cream powder,"Milk, dry, buttermilk, sweet cream",en:cream-powder,67
Crème fraîche épaisse,"Crème, 5%",Crème fraîche,"Cream, 5%",en:creme-fraiche,502153
,"Tomate, broyée, conserve",Crushed tomato,"Tomato, crushed, canned",en:crushed-tomato,4736
Croûte,"Croûte de tarte, type ordinaire, congelée, prête-à-cuire, cuite",Crust,"Pie crust, standard type, frozen, ready-to-bake, baked",en:crust,3971
Croûte,"Croûte de tarte, type biscuit, graham, faite maison, réfrigérée",Crust,"Pie crust, cookie-type, graham cracker, homemade, chilled",en:crust,4031
Croûte,"Croûte de tarte, type ordinaire, faite maison, cuite",Crust,"Pie crust, standard type, homemade, baked",en:crust,3972
Croûte,"Croûte de tarte, type ordinaire, mélange sec, non préparé",Crust,"Pie crust, standard-type, dry mix, unprepared",en:crust,3968
Croûte,"Croûte de tarte, type biscuit, vanille, faite maison, réfrigérée",Crust,"Pie crust, cookie-type, vanilla wafer, homemade, chilled",en:crust,4033
Croûte,"Croûte de tarte, type ordinaire, congelée, prête-à-cuire",Crust,"Pie crust, standard type, frozen, ready-to-bake",en:crust,3970
Croûte,"Croûte de tarte, type ordinaire, mélange sec, préparé, cuit",Crust,"Pie crust, standard-type, dry mix, prepared, baked",en:crust,501707
Biche,"Gibier, viande de  chevreuil (venaison), haché, cru",Deer,"Game meat, deer (venison), ground, raw",en:deer,5728
Biche,"Gibier, viande, chevreuil (venaison), cru",Deer,"Game meat, deer (venison), raw",en:deer,3579
Biche,"Gibier, viande, autochtone, cerf de Sitka (venaison), cru",Deer,"Game meat, native, deer (venison), sitka, raw",en:deer,5902
Oignons déshydratés,"Oignon, flocons déshydratés",Dehydrated onion,"Onion, dehydrated flakes",en:dehydrated-onion,2138
Aneth deshydraté,"Épices, aneth, déshydraté",Dried dill,"Spices, dill weed, dried",en:dried-dill,185
Extrait de malt en poudre,"Grains céréaliers, orge, malt, extrait, déshydraté",Dried malt extract,"Grains, barley, malt extract, dried",en:dried-malt-extract,219
Durian,"Durion, cru ou congelé",Durian,"Durian, raw or frozen",en:durian,4847
Petit-lait filtré en poudre,"Lait, en poudre, écrémé",Filtered whey powder,"Milk, dry, skim, powder, regular",en:filtered-whey-powder,134
Huile de poisson,"Huile de poisson, menhaden",Fish oil,"Fish oil, menhaden",en:fish-oil,459
Huile de poisson,"Huile de poisson, menhaden, entièrement hydrogénée",Fish oil,"Fish oil, menhaden, fully hydrogenated",en:fish-oil,460
Huile de poisson,"Huile de poisson, saumon",Fish oil,"Fish oil, salmon",en:fish-oil,461
Huile de poisson,"Huile de poisson, sardine",Fish oil,"Fish oil, sardine",en:fish-oil,462
Huile de poisson,"Huile de poisson, hareng",Fish oil,"Fish oil, herring",en:fish-oil,458
Huile de poisson,"Huile de poisson, foie de morue",Fish oil,"Fish oil, cod liver",en:fish-oil,457
Flet,"Poisson plat (plie ou flet ou sole), cru",Flounder,"Fish, flatfish (flounder or sole or plaice), raw",en:flounder,3216
Poissons d'eau douce,"Poisson, bar, d'eau douce, espèces diverses, crues",Fresh water fish,"Fish, bass, fresh water, mixed species, raw",en:fresh-water-fish,2986
Oignon grillé,"Oignons en rondelles, panés, pré-frits, congelés, non préparés",Fried onion,"Onion rings, breaded, par-fried, frozen, unprepared",en:fried-onion,2403
Oignon grillé,"Aliments prêts à manger, plat d'accompagnement, rondelles d'oignon, panées et frites",Fried onion,"Fast foods, side dish, onion rings, breaded and fried",en:fried-onion,4656
Fruit,"Fruits, cocktail (pêches, poires, abricots, ananas, cerises, raisins), conserve, dans l'eau, solides et liquide",Fruit,"Fruit cocktail (peach, pear, apricot, pineapple, cherry, grape), canned, water pack, solids and liquid",en:fruit,1551
Fruit,"Fruits, salade (pêches, poires, abricots, ananas, cerises), conserve, jus, solides et liquide",Fruit,"Fruit salad (peach, pear, apricot, pineapple, cherry), canned, juice pack, solids and liquid",en:fruit,1712
Fruit,"Fruits tropicaux, salade (ananas, papaye rouge et jaune), conserve, dans du sirop épais, solides et liquide",Fruit,"Fruit salad, tropical (pineapple, red and yellow papaya), canned, heavy syrup pack, solids and liquid",en:fruit,1690
Fruit,"Fruits, cocktail (pêches, poires, abricots, ananas, cerises, raisins), conserve, dans du sirop léger, solides et liquide",Fruit,"Fruit cocktail (peach, pear, apricot, pineapple, cherry, grape), canned, light syrup pack, solids and liquid",en:fruit,1554
Fruit,"Fruits, cocktail (pêches, poires, abricots, ananas, cerises, raisins), conserve, dans du sirop épais, solides et liquide",Fruit,"Fruit cocktail (peach, pear, apricot, pineapple, cherry, grape), canned, heavy syrup pack, solids and liquid",en:fruit,1555
Fruit,"Fruits, cocktail (pêches, poires, abricots, ananas, cerises, raisins), conserve, dans du sirop extra épais, solides et liquide",Fruit,"Fruit cocktail (peach, pear, apricot, pineapple, cherry, grape), canned, extra heavy syrup, solids and liquid",en:fruit,1556
Fruit,"Fruits, salade (pêches, poires, abricots, ananas, cerises), conserve, dans l'eau, solides et liquide",Fruit,"Fruit salad (peach, pear, apricot, pineapple, cherry), canned, water pack, solids and liquid",en:fruit,1557
Fruit,"Fruits, salade (pêches, poires, abricots, ananas, cerises), conserve, dans du sirop épais, solides et liquide",Fruit,"Fruit salad (peach, pear, apricot, pineapple, cherry), canned, heavy syrup pack, solids and liquid",en:fruit,1558
Fruit,"Fruits, salade (pêches, poires, abricots, ananas, cerises), conserve, dans du sirop extra épais, solides et liquide",Fruit,"Fruit salad (peach, pear, apricot, pineapple, cherry), canned, extra heavy syrup pack, solids and liquid",en:fruit,1559
Fruit,"Fruits, cocktail (pêches, poires, abricots, ananas, cerises, raisins), conserve, dans du jus, solides et liquide",Fruit,"Fruit cocktail (peach, pear, apricot, pineapple, cherry, grape), canned, juice pack, solids and liquid",en:fruit,1552
Fruit,"Fruits, cocktail (pêches, poires, abricots, ananas, cerises, raisins), conserve, dans du sirop extra léger, solides et liquide",Fruit,"Fruit cocktail (peach, pear, apricot, pineapple, cherry, grape), canned, extra light syrup pack, solids and liquid",en:fruit,1553
Jus concentré de fruits,"Orange, jus, concentré, congelé, non dilué",Fruit juice concentrate,"Orange juice, frozen concentrate, undiluted",en:fruit-juice-concentrate,1724
Jus concentré de fruits,"Ananas, jus, concentré, congelé, non sucré, non dilué",Fruit juice concentrate,"Pineapple juice, frozen concentrate, unsweetened, undiluted",en:fruit-juice-concentrate,1658
Jus concentré de fruits,"Pamplemousse, jus, concentré, congelé, non dilué",Fruit juice concentrate,"Grapefruit juice, frozen concentrate, undiluted",en:fruit-juice-concentrate,1571
,"Noix, fruits de ginkgo, crues",Ginkgo nuts,"Nuts, ginkgo nuts, raw",en:ginkgo-nuts,2571
Glaçage,"Glaçage, blanc, velouté, mélange sec, préparé avec eau",Glaze,"Icing (frosting), white, fluffy, dry mix, prepared with water",en:glaze,4286
Glaçage,"Glaçage, blanc, velouté, mélange sec, non préparé",Glaze,"Icing (frosting), white, fluffy, dry mix, unprepared",en:glaze,4285
Glaçage,"Glaçage, vanille (blanc), crémeux, mélange sec, préparé avec beurre",Glaze,"Icing (frosting), vanilla (white), creamy, dry mix, prepared with butter",en:glaze,4284
Glaçage,"Glaçage, chocolat, crémeux, mélange sec, non préparé",Glaze,"Icing (frosting), chocolate, creamy, dry mix, unprepared",en:glaze,4281
Glaçage,"Glaçage, vanille (blanc), crémeux, mélange sec, préparé avec margarine",Glaze,"Icing (frosting), vanilla (white), creamy, dry mix, prepared with margarine",en:glaze,4336
Glaçage,"Glaçage, chocolat, crémeux, mélange sec, préparé avec beurre",Glaze,"Icing (frosting), chocolate, creamy, dry mix, prepared with butter",en:glaze,4282
Glaçage,"Glaçage, vanille (blanc), crémeux, mélange sec, non préparé",Glaze,"Icing (frosting), vanilla (white), creamy, dry mix, unprepared",en:glaze,4283
Glaçage,"Glaçage, chocolat, crémeux, mélange sec, préparé avec margarine",Glaze,"Icing (frosting), chocolate, creamy, dry mix, prepared with margarine",en:glaze,4337
Glaçage,"Glaçage, fondant, fait maison",Glaze,"Icing (frosting), glaze, homemade",en:glaze,4340
Gluten,"Blé, gluten de blé vital",Gluten,"Wheat, vital wheat gluten",en:gluten,501814
,"Pain, seigle",Grated rye bread,"Bread, rye",en:grated-rye-bread,4065
Oignon vert,"Oignon, vert (inclus le bout et le bulbe), cru",Green onion,"Onion, spring (green) or scallion (includes tops and bulb), raw",en:green-onion,2144
Oignon vert,"Oignon vert (ciboule), cru",Green onion,"Onion, Welsh, raw",en:green-onion,2145
Aubergine grillée,"Aubergine, crue",Grilled aubergines,"Eggplant (aubergine, brinjal), raw",en:grilled-aubergines,2088
Graines de chanvre,"Graines de chanvre, décortiquées",Hemp seed,"Seeds, hemp seeds, hulled",en:hemp-seed,503362
Sirop de maïs à haute teneur en fructose,"Confiseries, sirop de maïs, élevé en fructose",High fructose corn syrup,"Sweets, syrups, corn, high-fructose",en:high-fructose-corn-syrup,4324
Piment fort,"Piment, fort du Chili, rouge ou verts, cru",Hot chili peppers,"Pepper, hot chili, red or green, raw",en:hot-chili-peppers,2322
Piments jalapeño,"Piment, jalapeno, cru",Jalapeno peppers,"Pepper, jalapeno, raw",en:jalapeno,4860
,"Haricots, lima, secs, gros, crus",Large lima beans,"Beans, lima, dry, large, raw",en:large-lima-beans,3288
Farine de lentilles,"Lentilles, farine",Lentil flour,"Lentils, flour",en:lentil-flour,6183
,"Haricots, lima, crus",Lima beans,"Beans, lima, raw",en:lima-beans,2003
Macis,"Épices, macis, moulu",Mace,"Spices, mace, ground",en:mace,190
Malt,"Grains céréaliers, orge, malt, déshydraté",Malt,"Grains, barley, malt, dry",en:malt,4529
Extrait de malt,"Grains céréaliers, orge, malt, extrait, déshydraté",Malt extract,"Grains, barley, malt extract, dried",en:malt-extract,219
Malt d'orge,"Grains céréaliers, orge, malt, déshydraté",Malted barley,"Grains, barley, malt, dry",en:malted-barley,4529
Dattes Medjool,"Datte, variété Medjool",Medjool dates,"Date, medjool",en:medjool-dates,5401
Emmental fondu,Fromage suisse (emmental),Melted Emmental cheese,"Cheese, swiss (emmental)",en:melted-emmental-cheese,47
Protéine de lait,"Boisson, poudre protéinée à base de lactosérum",Milk proteins,"Beverage, protein powder, whey based, powder",en:milk-proteins,502447
Millet,"Grains céréaliers, millet, sec",Millet,"Grains, millet, dry",en:millet,4491
Graine de moutarde,"Épices, graines de moutarde, jaunes",Mustard seed,"Spices, mustard seed, yellow",en:mustard-seed,192
,"Haricots, petits blancs, crus",Navy beans,"Beans, navy, raw",en:white-beans,3383
Ortie,"Grande Ortie (ortie commune), autochtone, blanchie",Nettle,"Stinging Nettles, native, blanched",en:nettle,502144
Nigari,"Tofu, régulier; mou, ou ferme, préparé avec chlorure de magnésium (nigari)",Nigari,"Tofu, regular; soft or firm, prepared with magnesium chloride (nigari)",en:nigari,4909
Graisse de palme non hydrogénée,"Margarine, tartinade, molle, non hydrogénée, huiles mélangées, 68% M.G.",Non-hydrogenated palm fat,"Margarine-like spread (including garlic flavoured), tub, non-hydrogenated, mixed vegetable oils, 68% fat",en:non-hydrogenated-palm-fat,502780
Feuille de Chêne,"Laitue, feuilles rouges",Oak leaf lettuce,"Lettuce, red leaf",en:oak-leaf-lettuce,5412
Farine d'avoine,"Grains céréaliers, farine d'avoine, partiellement décortiquée",Oat flour,"Grains, oat flour, partially debranned",en:oat-flour,5454
Farine d'avoine,"Grains céréaliers, farine d'avoine, grains entiers",Oat flour,"Grains, oat flour, whole-grain",en:oat-flour,6275
Oignon en poudre,"Épices, oignon, poudre",Onion powder,"Spices, onion powder",en:onion-powder,194
Morue du Pacifique,"Poisson, morue (morue grise), pacifique, crue",Pacific cod,"Fish, cod (gray cod), pacific, raw",en:pacific-cod,3196
Morue du Pacifique,"Poisson, morue, pacifique occidental, crue",Pacific cod,"Fish, pollock, (alaska), raw",en:pacific-cod,3039
Brassica rapa,"Bok choy, pak-choi, cru",Pak choi,"Bok choy, pak-choi, raw",en:pak-choi,2038
Graisse de palmiste,"Huile végétale, palmiste",Palm kernel fat,"Vegetable oil, palm kernel",en:palm-kernel-fat,434
Crème pasteurisée,"Crème, 5%",Pasteurized cream,"Cream, 5%",en:pasteurized-cream,502153
Lait et crème pasteurisé,"Crème, 5%",Pasteurized milk and cream,"Cream, 5%",en:pasteurized-milk-and-cream,502153
Farine de pois,"Pois chiches, farine (Besan)",Pea flour,Chickpea flour (besan),en:pea-flour,4886
Protéines de pois,"Soya, concentré de protéines (préparation d'alcool)",Pea protein,Soy protein concentrate (prepared with alcohol),en:pea-protein,3327
Protéines de pois,"Soya, isolat de protéines (préparé avec sodium)",Pea protein,Soy protein isolate (prepared with sodium),en:pea-protein,3328
Protéines de pois,"Soya, concentrat de protéines (préparation avec acid et de l'eau)",Pea protein,Soy protein concentrate (prepared with acid and water wash),en:pea-protein,3368
Protéines de pois,"Soya, isolat de protéines (préparé avec potassium)",Pea protein,Soy protein isolate (prepared with potassium),en:pea-protein,3369
Jus de poire,"Bébé, jus de poires, toutes les étapes",Pear juice,"Babyfood, juice, pear, all stages",en:pear-juice,502688
Phosphates,"Agent de levage, levure chimique, action double, phosphate",Phosphate,"Leavening agent, baking powder, double acting, phosphate",en:phosphate,4003
,"Haricots, pinto, crus",Pinto beans,"Beans, pinto, raw",en:pinto-beans,3269
Plantain,"Plantain (banane des antilles), cru",Plantain,"Plantain, raw",en:plantain,1661
Lentilles précuites,"Lentilles, crues",Precooked lentils,"Lentils, raw",en:precooked-lentils,3392
Flocons de riz,"Céréale, prête-à-manger, riz soufflé, non-sucré, Quaker",Puffed rice,"Cereal, ready to eat, Puffed Rice, unsweenened, Quaker",en:puffed-rice,1266
Graine de courge,"Graines, citrouille et courge, graines, déshydratées",Pumpkin seed,"Seeds, pumpkin and squash seed kernels, dried",en:pumpkin-seed,2516
Purée,"Pomme de terre, purée, faite maison, préparée avec lait entier et margarine",Purée,"Potato, mashed, homemade, prepared with whole milk and margarine",en:puree,2169
Purée,"Pomme de terre, purée, déshydratée, granules avec lait, eau et margarine ajoutées",Purée,"Potato, mashed, dehydrated, granules with milk, water and margarine added",en:puree,2176
Purée,"Pomme de terre, purée, faite maison, préparée avec lait entier et beurre",Purée,"Potato, mashed, homemade, prepared with whole milk and butter",en:puree,2336
Purée,"Pomme de terre, purée, déshydratée, granules sans lait, préparée avec lait entier et margarine",Purée,"Potato, mashed, dehydrated, granules without milk, prepared with whole milk and margarine",en:puree,2335
Purée,"Pomme de terre, purée, préparée à partir de flocons sans lait, lait entier et beurre ajoutés",Purée,"Potato, mashed, prepared from flakes without milk, whole milk and butter added",en:puree,2427
Farine de quinoa,"Grains céréaliers, quinoa, farine",Quinoa flour,"Grains, quinoa, flour",en:quinoa-flour,6187
Concentré de raisin,"Raisin, jus, concentré, congelé, sucre et vitamine C ajoutés, non dilué",Raisin concentrate,"Grape juice, frozen concentrate, sugar and vitamin C added, undiluted",en:raisin-concentrate,1719
,"Noix, noix d'acajou (cajous, anacardes), crues",Raw cashews,"Nuts, cashew nuts, raw",en:raw-cashews,5709
Crème en poudre rehydratée,"Crème, 5%",Rehydrated cream powder,"Cream, 5%",en:rehydrated-cream-powder,502153
Huile de riz,"Huile végétale, son de riz",Rice bran oil,"Vegetable oil, rice bran",en:rice-bran-oil,416
Sirop de riz,"Confiseries, sirop de table, maïs, sirop de raffinerie et sucre",Rice syrup,"Sweets, syrups, table blends, corn, refiner's syrup and sugar",en:rice-syrup,4330
Sirop de riz,"Confiseries, sirop de sorgho",Rice syrup,"Sweets, syrups, sorghum",en:rice-syrup,4327
Sirop de riz,"Confiseries, sirop de maïs, foncé",Rice syrup,"Sweets, syrups, corn, dark",en:rice-syrup,4322
Sirop de riz,"Confiseries, sirop de maïs, clair",Rice syrup,"Sweets, syrups, corn light",en:rice-syrup,4323
Sirop de riz,"Confiseries, sirop de maïs, élevé en fructose",Rice syrup,"Sweets, syrups, corn, high-fructose",en:rice-syrup,4324
Poissons de roche,"Poisson, sébaste, pacifique, espèces diverses, crues",Rockfish,"Fish, rockfish, pacific ocean perch, mixed species, raw",en:rockfish,3043
Oignon de Roscoff en poudre,"Épices, oignon, poudre",Roscoff onion powder,"Spices, onion powder",en:roscoff-onion-powder,194
,"Grains céréaliers, orge, malt, extrait, déshydraté",Rye malt extract,"Grains, barley, malt extract, dried",en:rye-malt-extract,219
Carthame,"Graines, carthame, graines, déshydratées",Safflower,"Seeds, safflower seed kernels, dried",en:safflower,2518
Carthame,"Graines,  semoule de graines de carthame, partiellement dégraissée",Safflower,"Seeds, safflower seed meal, partially defatted",en:safflower,2519
Sauce,"Sauce, au jus, conserve",Sauce,"Gravy, au jus, canned",en:sauce,999
Sauce,"Sauce, boeuf, conserve",Sauce,"Gravy, beef, canned",en:sauce,1001
Sauce,"Sauce, canneberges, conserve, sucrée",Sauce,"Sauce, cranberry, canned, sweetened",en:sauce,1539
Sauce,"Sauce, poulet, conserve",Sauce,"Gravy, chicken, canned",en:sauce,1003
Sauce,"Sauce, dinde, conserve",Sauce,"Gravy, turkey, canned",en:sauce,1009
Sauce,"Sauce, barbecue, prête-à-servir",Sauce,"Sauce, barbecue, ready-to-serve",en:sauce,1017
Sauce,"Sauce, salsa, prête-à-servir",Sauce,"Sauce, salsa, ready-to-serve",en:sauce,1025
Sauce,"Sauce, champignons, conserve",Sauce,"Gravy, mushroom, canned",en:sauce,1005
Sauce,"Sauce, blanche, consistance moyenne, lait 2%, faite maison",Sauce,"Sauce, white, medium, 2% milk, homemade",en:sauce,1027
Sauce,"Sauce, blanche, consistance claire, lait 2%, faite maison",Sauce,"Sauce, white, thin, 2% milk, homemade",en:sauce,1026
Sauce,"Sauce, blanche, consistance épaisse, faite maison",Sauce,"Sauce, white, thick, homemade",en:sauce,1028
Sauce,"Sauce, piments forts, prête-à-servir",Sauce,"Sauce, pepper or hot, ready-to-serve",en:sauce,1029
Sauce,"Sauce, piments, TABASCO, prête-à-servir",Sauce,"Sauce, pepper, TABASCO, ready-to-serve",en:sauce,1030
Sauce,"Sauce, tartare, prête-à-servir",Sauce,"Sauce, tartar, ready-to-serve",en:sauce,1131
Sauce,"Sauce, worcestershire, prête-à-servir",Sauce,"Sauce, worcestershire, ready-to-serve",en:sauce,1133
Sauce,"Sauce, moutarde, brune, prête-à-servir",Sauce,"Sauce, mustard, brown, ready-to-serve",en:sauce,1135
Algue marine,"Algue, spiruline, séchée",Seaweed,"Seaweed, spirulina, dried",en:seaweed,2320
Algue marine,"Algue, wakame, cru",Seaweed,"Seaweed, wakame, raw",en:seaweed,2321
Algue marine,"Algue, agar, crue",Seaweed,"Seaweed, agar, raw",en:seaweed,2202
Algue marine,"Algue, spiruline, crue",Seaweed,"Seaweed, spirulina, raw",en:seaweed,2319
Algue marine,"Algue canadienne, cultivée, EMI-TSUNOMATA, réhydratée",Seaweed,"Seaweed, Canadian cultivated EMI-TSUNOMATA, rehydrated",en:seaweed,502351
Algue marine,"Algue, agar, séché",Seaweed,"Seaweed, agar, dried",en:seaweed,2318
Algue marine,"Algue canadienne, cultivée, EMI-TSUNOMATA, séchée",Seaweed,"Seaweed, Canadian cultivated EMI-TSUNOMATA, dried",en:seaweed,502350
Algue marine,"Algue, rhodyménie palmé (main de mere, nori), crue",Seaweed,"Seaweed, dulse (laver, nori), raw",en:seaweed,2205
Algue marine,"Algue, dulse (rhodymemie palme, porphyre, nori), séchée",Seaweed,"Seaweed, dulse (laver, nori), dried",en:seaweed,2499
Algue marine,"Algue, mousse d'Irlande, crue",Seaweed,"Seaweed, irishmoss, raw",en:seaweed,2203
Algue marine,"Algue, varech (kelp, kombu, tangle), crue",Seaweed,"Seaweed, kelp (kombu, tangle), raw",en:seaweed,2204
Graine,"Graines, tournesol, graines, déshydratées",Seed,"Seeds, sunflower seed kernels, dried",en:seed,2526
Graine,"Épices, cumin, graines",Seed,"Spices, cumin seed",en:seed,182
Graine,"Graines, citrouille et courge, graines, déshydratées",Seed,"Seeds, pumpkin and squash seed kernels, dried",en:seed,2516
Graine,"Épices, fenouil, graines",Seed,"Spices, fennel seed",en:seed,186
Graine,"Épices, graines de moutarde, jaunes",Seed,"Spices, mustard seed, yellow",en:seed,192
Graine,"Épices, fenugrec, graines",Seed,"Spices, fenugreek seed",en:seed,187
Graine,"Épices, pavot, graines",Seed,"Spices, poppy seed",en:seed,201
Graine,"Graines, carthame, graines, déshydratées",Seed,"Seeds, safflower seed kernels, dried",en:seed,2518
Graine,"Épices, carvi, graines",Seed,"Spices, caraway seed",en:seed,173
Graine,"Épices, céleri, graines",Seed,"Spices, celery seed",en:seed,175
Gras de mouton,"Gras animal, suif de mouton (gras de mouton)",Sheeps fat,"Animal fat, mutton tallow",en:sheeps-fat,438
Graines de tournesol décortiquées,"Graines, tournesol, graines, rôties à sec",Shelled sunflower seeds,"Seeds, sunflower seed kernels, dry roasted",en:shelled-sunflower-seeds,2527
Pâte de crevettes,"Crustacés, crevette ou homard, pâté, conserve",Shrimp paste,"Crustaceans, shrimp or lobster paste, canned",en:shrimp-paste,3242
Lait écrémé et crème pasteurisés,"Crème, 5%",Skim milk and pasteurized cream,"Cream, 5%",en:skim-milk-and-pasteurized-cream,502153
,"Haricots, blancs, petits, crus",Small red beans,"Beans, small white, raw",en:small-red-beans,3272
Crème aigre,"Crème sure, sans gras",Sour cream,"Cream, sour, fat free",en:sour-cream,5300
Crème aigre,"Crème sure, de culture, 14% M.G.",Sour cream,"Cream, sour, cultured, 14% M.F",en:sour-cream,139
Crème aigre,"Crème sure, de culture, 18% M.G.",Sour cream,"Cream, sour, cultured, 18% M.F.",en:sour-cream,152
Crème aigre,"Crème sure, légère",Sour cream,"Cream, sour, light",en:sour-cream,5299
Poudre de crème fraîche,"Crème, garniture fouettée, succédané, diététique, poudre, préparée",Sour cream powder,"Whipped cream substitute, dietetic, powder, prepared",en:sour-cream-powder,5560
Protéine de soja,"Soya, concentrat de protéines (préparation avec acid et de l'eau)",Soy protein,Soy protein concentrate (prepared with acid and water wash),en:soy-protein,3368
Protéine de soja,"Soya, isolat de protéines (préparé avec sodium)",Soy protein,Soy protein isolate (prepared with sodium),en:soy-protein,3328
Sirop de sucre,"Confiserie, sirop, canne à sucre",Sugar syrup,"Sweets, syrups, cane",en:sugar-syrup,502358
Raisins secs sultanines,"Raisins secs, épépinés",Sultanas,"Raisin, seeded",en:sultanas,1746
Bigarreaux,"Cerise sucrée (guigne), crue",Sweet cherry,"Cherry, sweet, raw",en:sweet-cherry,1531
Lactosérum doux,"Lactoserum, sucré, liquide",Sweet whey,"Whey, sweet, fluid",en:sweet-whey,79
Lactosérum doux,"Lactoserum, sucré, poudre",Sweet whey,"Whey, sweet, dry",en:sweet-whey,80
Lactosérum doux en poudre,"Lactoserum, sucré, poudre",Sweet whey powder,"Whey, sweet, dry",en:sweet-whey-powder,80
Lait écrémé condensé sucré,"Lait, concentré, sucré, conserve",Sweetened condensed semi-skimmed milk,"Milk, condensed, sweetened, canned",en:sweetened-condensed-semi-skimmed-milk,68
Tamari,"Soya, sauce (fait de soya), tamari",Tamari,"Soy sauce (made from soy), tamari",en:tamari,3329
Tilsit,"Fromage tilsit, avec lait entier",Tilsit,"Cheese, tilsit, with whole milk",en:tilsit,48
Tomate en poudre,"Tomate, poudre",Tomato powder,Tomato powder,en:tomato-powder,2260
Préparation de tomates décongelée,"Produits à base de tomates, conserve, sauce",Tomato sauce,"Tomato products, canned, sauce",en:tomato-sauce,2465
Peau de dinde,"Dinde, toutes catégories, peau et gras séparable seulement, crue",Turkey skin,"Turkey, all classes, skin and separable fat only, raw",en:turkey-skin,692
,"Navet, cru",Turnip-rape,"Turnip, raw",en:turnip-rape,2470
Vanille,"Vanille, extrait",Vanilla,Vanilla extract,en:vanilla,216
Feuilles de vigne,"Raisin, feuilles (feuilles de vigne), crues",Vine leaves,"Grape leaves (vine leaves), raw",en:vine-leaves,4855
Huile vierge de noix de coco,"Huile végétale, noix de coco",Virgin coconut oil,"Vegetable oil, coconut",en:virgin-coconut-oil,420
Wasabi,"Wasabi, racine, (raifort japonais), crue",Wasabi,"Wasabi, root, (Japanese horseradish), raw",en:wasabi,4868
Gluten de blé,"Blé, gluten de blé vital",Wheat gluten,"Wheat, vital wheat gluten",en:wheat-gluten,501814
Petit-lait,"Lactoserum, acide, poudre",Whey,"Whey, acid, dry",en:whey,78
Petit-lait,"Lactoserum, sucré, liquide",Whey,"Whey, sweet, fluid",en:whey,79
Petit-lait,"Lactoserum, sucré, poudre",Whey,"Whey, sweet, dry",en:whey,80
Petit-lait,"Lactoserum, acide, liquide",Whey,"Whey, acid, fluid",en:whey,77
Perméat de petit lait en poudre,"Lait, en poudre, écrémé",Whey permeate powder,"Milk, dry, skim, powder, regular",en:whey-permeate-powder,134
Lactosérum en poudre,"Lactoserum, acide, poudre",Whey powder,"Whey, acid, dry",en:whey-powder,78
Lactosérum en poudre,"Boisson, isolat de protéines de lactosérum, poudre",Whey powder,"Beverage, whey protein isolate, powder",en:whey-powder,502445
Protéine de lactosérum,"Boisson, isolat de protéines de lactosérum, poudre",Whey protein,"Beverage, whey protein isolate, powder",en:whey-protein,502445
Protéine de lactosérum,"Boisson, poudre protéinée à base de lactosérum",Whey protein,"Beverage, protein powder, whey based, powder",en:whey-protein,502447
,"Boisson, isolat de protéines de lactosérum, poudre",Whey protein isolate,"Beverage, whey protein isolate, powder",en:whey-protein-isolate,502445
Chocolat blanc en poudre,"Boisson, mélange à saveur, chocolat, poudre",White chocolate powder,"Beverage mix, chocolate flavour, powder",en:white-chocolate-powder,2864
Oreilles de Judas,"Oreilles de Judas, crues",Wood ear,"Jew's ear (cloud or wood ear, pepeao), raw",en:wood-ear,2101
Sauce worcestershire,"Sauce, worcestershire, prête-à-servir",Worcestershire sauce,"Sauce, worcestershire, ready-to-serve",en:worcestershire-sauce,1133
Extrait de levure,"Extrait de levure, tartinade",Yeast extract,Yeast extract spread,en:yeast-extract,5605
Extrait de levure en poudre,"Extrait de levure, tartinade",Yeast extract powder,Yeast extract spread,en:yeast-extract-powder,5605
Graines de moutarde jaunes,"Épices, graines de moutarde, jaunes",Yellow mustard seed,"Spices, mustard seed, yellow",en:yellow-mustard-seed,192
Raisin de Corinthe,"Raisins de corinthe (zante), secs",Zante currant,"Currant, zante, dried",en:zante-currant,1542
Café décaféiné,"Café infusé, espresso, préparation restaurant, décaféiné",,"Coffee, brewed, espresso, restaurant-prepared, decaffeinated",en:decaffeinated-coffee,5422
Café décaféiné,"Café infusé, préparé avec eau municipale, décaféiné",,"Coffee, brewed, prepared with municipal water, decaffeinated",en:decaffeinated-coffee,4981
Café décaféiné,"Café instantané, décaféiné, poudre",,"Coffee, instant, decaffeinated, powder",en:decaffeinated-coffee,2876
Canneberges séchées,"Canneberge, séchée, sucrée",,"Cranberry, dried, sweetened",en:dried-cranberries,5390
Farine de graines de caroube et farine de graines de guar,"Caroube, farine",,"Carob (St. John's bread), flour",fr:farine-de-graines-de-caroube-et-farine-de-graines-de-guar,3278
Farine de lentilles corail,"Lentilles, farine",,"Lentils, flour",en:red-lentil-flour,6183
Farine de pois cassés,"Pois, cassés, crus",,"Peas, split, raw",fr:farine-de-pois-casses,3394
Farine de pomme de terre,"Pomme de terre, farine",,Potato flour,en:potato-flour,2440
Farine mi-blanche,"Grains céréaliers, farine de blé, blanche, tout usage, non blanchie",,"Grains, wheat flour, white, all purpose, unbleached",fr:farine-mi-blanche,501865
Farine mi-blanche,"Grains céréaliers, farine de blé, blanche, teneur élevée en gluten",,"Grains, wheat flour, white, high gluten",fr:farine-mi-blanche,4530
Farine mi-blanche,"Grains céréaliers, farine de blé, blanche, tout usage, blanchie",,"Grains, wheat flour, white, all purpose, bleached",fr:farine-mi-blanche,4501
Farine mi-blanche,"Grains céréaliers, farine de blé, blanche, préparation pour tortilla",,"Grains, wheat flour, white, tortilla mix",fr:farine-mi-blanche,4447
Farine mi-blanche,"Grains céréaliers, farine de blé, blanche, farine à gâteau",,"Grains, wheat flour, white, cake flour",fr:farine-mi-blanche,4446
Farine mi-blanche,"Grains céréaliers, farine de blé, blanche, farine à pain",,"Grains, wheat flour, white, bread flour",fr:farine-mi-blanche,4445
Farines de graines et céréales,"Grains céréaliers, farine de blé entier",,"Grains, wheat flour, whole-wheat",fr:farines-de-graines-et-cereales,4500
Feuilles de frêne,"Feuilles de saule, autochtone, tendres, hachées",,"Willow, native, young leaves, chopped",fr:feuilles-de-frene,5909
Flocons d'épeautre,"Céréale, prête-à-manger, flocons d'épeautre, Nature's Path",,"Cereal, ready to eat, Spelt Flakes, Nature's Path",fr:flocons-d-epeautre,502055
Foie de boeuf,"Boeuf, foie de, cru",,"Beef, liver, raw",en:beef-liver,2788
Friture,"Shortening, industriel, friture (solide), soya",,"Shortening, industrial, for frying (solid), soybean",fr:friture,542
Friture,"Shortening, industriel, friture (solide), canola",,"Shortening, industrial, for frying (solid), canola",fr:friture,541
Friture,"Shortening, industriel, friture (liquide), canola",,"Shortening, industrial, for frying (liquid), canola",fr:friture,540
Friture,"Shortening, industriel, friture (liquide), soya",,"Shortening, industrial, for frying (liquid), soybean",fr:friture,523
Gluten vital de blé,"Blé, gluten de blé vital",,"Wheat, vital wheat gluten",fr:gluten-vital-de-ble,501814
Graines de moutarde moulues,"Épices, graines de moutarde, jaunes",,"Spices, mustard seed, yellow",fr:graines-de-moutarde-moulues,192
Graines grillées,"Graines, tournesol, graines, grillées",,"Seeds, sunflower seed kernels, toasted",fr:graines-grillees,2528
Graisse de porc,"Gras animal, saindoux (porc)",,"Animal fat, lard (pork)",fr:graisse-de-porc,464
Haricots blancs précuits,"Haricots, blancs, bouillis",,"Beans, white, boiled",fr:haricots-blancs-precuits,3386
Haricots blancs précuits,"Haricots, blancs, crus",,"Beans, white, raw",fr:haricots-blancs-precuits,3385
Haricots blancs réhydratés,"Haricots, blancs, bouillis",,"Beans, white, boiled",fr:haricots-blancs-rehydrates,3386
Haricots blancs secs trempés,"Haricots, blancs, crus",,"Beans, white, raw",fr:haricots-blancs-secs-trempes,3385
Lait écrémé concentré sucré,"Lait, concentré, écrémé, conserve, non dilué, 0.2% M.G.",,"Milk, evaporated, skim, canned, undiluted, 0.2% M.F.",en:sweetened-skimmed-condensed-milk,112
Lait écrémé concentré sucré,"Lait, concentré, sucré, conserve",,"Milk, condensed, sweetened, canned",en:sweetened-skimmed-condensed-milk,68
Lait écrémé concentré ou en poudre,"Lait, en poudre, écrémé",,"Milk, dry, skim, powder, regular",fr:lait-ecreme-condense-sucre,134
Lentilles rouges décortiquées,"Lentilles, roses, crues",,"Lentils, pink, raw",fr:lentilles-rouges-decortiquees,4869
Oignon fumé en poudre,"Épices, oignon, poudre",,"Spices, onion powder",fr:oignon-fume-en-poudre,194
Oignon grillé en poudre,"Épices, oignon, poudre",,"Spices, onion powder",fr:oignon-grille-en-poudre,194
Oignon jaune,"Oignon, jaune, sauté",,"Onion, yellow, sauteed",en:yellow-onion,5960
Piment de la jamaïque,"Piments de la Jamaïque, conserve",,"Pimento, canned",en:allspice,2496
Pistaches en coques,"Noix, pistaches, crues",,"Nuts, pistachio nuts, raw",fr:pistaches-en-coques,2644
Protéines de lait en poudre,"Boisson, isolat de protéines de lactosérum, poudre",,"Beverage, whey protein isolate, powder",fr:proteines-de-lait-en-poudre,502445
Purée de pruneaux,"Pruneau, purée",,Prune puree,fr:puree-de-pruneaux,4879
Raisins secs rehydratés,"Raisins secs, épépinés",,"Raisin, seeded",fr:raisins-secs-rehydrates,1746
Riz précuit,"Grains céréaliers, riz blanc, grain long, précuit ou instantané, enrichi, sec",,"Grains, rice, white, long-grain, pre-cooked or instant, enriched, dry",fr:riz-precuit,4481
Sauce au vinaigre balsamique,"Vinaigre, balsamique",,"Vinegar, balsamic",fr:sauce-au-vinaigre-balsamique,6196
Sirop de blé,"Confiseries, sirop de malt",,"Sweets, syrups, malt",en:wheat-syrup,4325
Sirop de blé,"Confiseries, sirop de sorgho",,"Sweets, syrups, sorghum",en:wheat-syrup,4327
Sirop de blé,"Confiseries, sirop de table, maïs, sirop de raffinerie et sucre",,"Sweets, syrups, table blends, corn, refiner's syrup and sugar",en:wheat-syrup,4330
Sirop de blé,"Confiseries, sirop de maïs, foncé",,"Sweets, syrups, corn, dark",en:wheat-syrup,4322
Sirop de blé,"Confiseries, sirop de maïs, élevé en fructose",,"Sweets, syrups, corn, high-fructose",en:wheat-syrup,4324
Sirop de blé,"Confiseries, sirop de maïs, clair",,"Sweets, syrups, corn light",en:wheat-syrup,4323
Sirop de sucre candi,"Confiseries, sirop de table, maïs, sirop de raffinerie et sucre",,"Sweets, syrups, table blends, corn, refiner's syrup and sugar",fr:sirop-de-candi,4330
Sirop de sucre de canne,"Confiserie, sirop, canne à sucre",,"Sweets, syrups, cane",en:cane-sugar-syrup,502358
Sons de moutarde,"Épices, graines de moutarde, jaunes",,"Spices, mustard seed, yellow",fr:sons-de-moutarde,192
Vermicelle de pois,"Vermicelle de soya, cuits",,"Vermicelli, made from soy, cooked",fr:vermicelle-de-pois,5920
Zestes de citron confits,"Confits, citron, pelure",,"Candied foods, lemon peel",fr:zestes-de-citron-confits,4402
,,,,en:rose-hip,501549
Bourrache,"Bourrache, crue",,"Borage, raw",de:borretsch,2287
,"Arrowroot, cru",Arrowroot,"Arrowroot, raw",en:arrowroot,4850
,"Boeuf, graisse de rognons (suif), cru",Beef suet,"Beef, suet, raw",en:beef-suet,2665
,"Bourrache, crue",Borage,"Borage, raw",en:borage,2287
Boysenberry,"Mûre de boysen, congélée, non sucrée",Boysenberry,"Boysenberry, frozen, unsweetened",en:boysenberry,1521
Bardane,"Bardane (glouteron), racine, crue",Burdock,"Burdock root, raw",en:burdock,2029
,"Poulet à griller, haut de cuisse, viande, cru",Chicken thigh,"Chicken, broiler, thigh, meat, raw",en:chicken-thigh,853
Racine de chicorée,"Chicorée, racine (cichorium intybus), crue",Chicory root,"Chicory roots (cichorium intybus), raw",en:chicory-root,2058
Plaquebière,"Chicouté, autochtone",Cloudberry,"Cloudberry (bakeapple), native",en:cloudberry,5939
Cacao alcalinisé,"Chocolat chaud, cacao, à haute teneur en matière grasse ou déjeuner, préparé avec alkali, mélange sec",Cocoa processed with alkali,"Hot chocolate, cocoa, high fat or breakfast, processed with alkali, mix, powder",en:cocoa-processed-with-alkali,5451
Radis blanc,"Radis, orientaux (daikon), crus",Daikon,"Radish, oriental (daikon), raw",en:daikon,2196
Églantier,"Églantier, fruits, autochtone",Dog rose,"Rose hips, wild, native",en:dog-rose,501549
Edamame,"Fèves, soya frais (edamame), crues",Edamame,"Soybeans, green (edamame), raw",en:edamame,2208
Bouillon de poisson,"Soupe, bouillon, poisson",Fish stock,"Soup, broth, fish",en:fish-stock,5356
Bouillon de poisson,"Soupe, bouillon, poisson, faite maison",Fish stock,"Soup, stock, fish, homemade",en:fish-stock,4728
Cuisses de grenouilles,"Gibier, viande, grenouille, cuisses, crues",Frog legs,"Game meat, frog legs, raw",en:frog-legs,3642
Brocoli chinois,"Brocoli, chinois, cuit",Gai lan,"Broccoli, chinese, cooked",en:gai-lan,4851
,"Gibier, viande, chèvre, cru",Goat,"Game meat, goat, raw",en:goat,3583
,"Bébé, légumes et fruits, en pot, haricots verts et pommes",Green apple,"Babyfood, vegetables and fruit, jarred, green beans and apple",en:green-apple,502874
,Tisane à l'hibiscus,Hibiscus,"Tea, hibiscus",en:hibiscus,502259
,"Graines, lin, entières et moulues",Linseed seeds,"Seeds, flaxseed (linseed), whole and ground",en:linseed-seeds,4528
Longane,"Longan, cru",Longan,"Longan, raw",en:longan,1599
Racine de lotus,"Lotus, racine, crue",Lotus root,"Lotus root, raw",en:lotus-root,2118
Farine de malt,"Grains céréaliers, farine d'orge, malt",Malt flour,"Grains, barley, malt flour",en:malt-flour,4873
Boulette de viande,"Boulettes de viande, à l'italienne, congelées",Meatball,"Meatball, Italian style, frozen",en:meatball,502699
Graines de melon,"Graines, melon d'eau (pastèque), graines, déshydratées",Melon seed,"Seeds, watermelon seed kernels, dried",en:melon-seed,2599
,"Boisson, isolat de protéines de lactosérum, poudre",Milk protein isolate,"Beverage, whey protein isolate, powder",en:milk-protein-isolate,502445
,"Soya, isolat de protéines (préparé avec sodium)",Milk protein isolate,Soy protein isolate (prepared with sodium),en:milk-protein-isolate,3328
,"Soya, isolat de protéines (préparé avec potassium)",Milk protein isolate,Soy protein isolate (prepared with potassium),en:milk-protein-isolate,3369
,"Poisson, baudroie d'amérique, crue",Monkfish,"Fish, monkfish (goosefish, anglerfish), raw",en:monkfish,3201
,"Huile végétale, avoine",Oat oil,"Vegetable oil, oat",en:oat-oil,456
,"Crème à fouetter, 32% M.G.",Pasteurized whipping cream,"Cream, whipping, 32% M.F.",en:pasteurized-whipping-cream,137
,"Crème à fouetter, 35% M.G.",Pasteurized whipping cream,"Cream, whipping, 35% M.F.",en:pasteurized-whipping-cream,138
,"Charcuterie, pepperoni",Pepperoni,"Deli-meat, pepperoni",en:pepperoni,502381
,"Champignon, portobella (portobello), cru",Portobello,"Mushroom, portabella (portobello), raw",en:portobello,4973
Blé soufflé,"Céréale, prête-à-manger, Blé, Soufflé, Safeway",Puffed wheat,"Cereal, ready to eat, Puffed Wheat, Safeway",en:puffed-wheat,502129
Blé soufflé,"Céréale, prête-à-manger, blé soufflé, Quaker",Puffed wheat,"Cereal, ready to eat, Puffed Wheat, Quaker",en:puffed-wheat,1278
,"Graines, citrouille et courge, graines, déshydratées",Pumpkin seed flour,"Seeds, pumpkin and squash seed kernels, dried",en:pumpkin-seed-flour,2516
Ramboutan,"Ramboutan / litchi chevelu,  conserve, sirop",Rambutan,"Rambutan, canned, syrup pack",en:rambutan,4878
Rapini,"Rapini (brocoli raab), cru",Rapini,"Broccoli raab (rapini), raw",en:rapini,5410
Renne,"Gibier, viande, autochtone, caribou, (renne), viande, crue",Reindeer,"Game meat, native, caribou (reindeer), meat, raw",en:reindeer,3577
,"Céréale, chaude, crème de riz, sèche",Rice cream,"Cereal, hot, cream of rice, dry",en:rice-cream,1224
Nouilles de riz,"Pâtes, nouilles de riz, sèches",Rice noodles,"Pasta, rice noodles, dry",en:rice-noodles,4888
,Fromage romano,Romano cheese,"Cheese, romano",en:romano-cheese,45
,"Grains céréaliers, seigle",Rye grains,"Grains, rye",en:rye-grains,4498
,"Bagel, nature (avec oignon, graines de pavot et/ou graines de sesame)",Sesame seed bun,"Bagel, plain (with onion, poppy seed and/or sesame seed)",en:sesame-seed-bun,3671
,"Grains céréaliers, sorgho, farine",Sorghum flour,"Grains, sorghum, flour",en:sorghum-flour,6190
,"Fèves, soya, sèches, germées, germes de haricot, crues",Sprouted soybeans,"Soybeans, mature seeds, sprouted, bean sprouts, raw",en:sprouted-soybeans,2210
,Sauté au boeuf et brocoli,Stir-fry,Stir fry with beef and broccoli,en:stir-fry,502004
,Sauté avec tofu,Stir-fry,Stir fry with tofu,en:stir-fry,501998
,Sauté avec poulet,Stir-fry,Stir fry with chicken,en:stir-fry,501997
,Sauté au boeuf,Stir-fry,Stir fry with beef,en:stir-fry,501996
Poudre de fraise,"Fraises, mélange à saveur, poudre",Strawberry powder,"Strawberry flavour mix, powder",en:strawberry-powder,2907
,"Boeuf, graisse de rognons (suif), cru",Suet,"Beef, suet, raw",en:suet,2665
,"Yogourt, nature, sucré (2-3,9% M.G.)",Sweetened plain yogurt,"Yogourt, plain, sweetened (2-3.9% M.F)",en:sweetened-plain-yogurt,502171
,"Tamarin, cru",Tamarind paste,"Tamarind, raw",en:tamarind-paste,1689
,"Grains céréaliers, teff, non cuit",Teff,"Grains, teff, uncooked",en:teff,6193
,"Grains céréaliers, triticale",Triticale,"Grains, triticale",en:triticale,4434
Filet de dinde,"Dinde à griller, poitrine, viande seulement, crue",Turkey breast,"Turkey, broiler, breast, meat only, raw",en:turkey-breast,742
,"Shortening, domestique, huiles végétales et animales non précisées",Vegetable shortening,"Shortening, household, unspecified vegetable and animal oils",en:vegetable-shortening,539
,"Shortening, domestique, huile végétale non précisée",Vegetable shortening,"Shortening, household, unspecified vegetable oil",en:vegetable-shortening,552
Crème à fouetter,"Crème à fouetter, 35% M.G.",Whipping cream,"Cream, whipping, 35% M.F.",en:whipping-cream,138
Crème à fouetter,"Crème à fouetter, 32% M.G.",Whipping cream,"Cream, whipping, 32% M.F.",en:whipping-cream,137
,"Grains céréaliers, quinoa, farine",White quinoa flour,"Grains, quinoa, flour",en:white-quinoa-flour,6187
,"Grains céréaliers, farine de triticale, grain entier",Whole grain einkorn flour,"Grains, triticale flour, whole-grain",en:whole-grain-einkorn-flour,4435
,"Grains céréaliers, quinoa, farine",Whole grain quinoa flour,"Grains, quinoa, flour",en:whole-grain-quinoa-flour,6187
,"Grains céréaliers, farine de triticale, grain entier",Whole grain triticale,"Grains, triticale flour, whole-grain",en:whole-grain-triticale,4435
,"Grains céréaliers, farine de triticale, grain entier",Whole grain triticale flour,"Grains, triticale flour, whole-grain",en:whole-grain-triticale-flour,4435
Concentré de protéines de soja,"Soya, concentré de protéines (préparation d'alcool)",,Soy protein concentrate (prepared with alcohol),fr:concentre-de-proteines-de-soja,3327
Haricots coco roses,"Haricots, roses, crus",,"Beans, pink, raw",fr:haricots-coco-roses,3267
Lentilles brunes,"Lentilles, crues",,"Lentils, raw",fr:lentilles-brunes,3392
Lentilles noires,"Lentilles, crues",,"Lentils, raw",fr:lentilles-noires,3392
