ingredient,reference,proxy_type (1:nutri 2:impact)
en:acid,en:e330,
en:dextrose,en:glucose,
en:glucose-syrup,en:glucose,
en:cocoa-paste,en:cocoa,
en:natural-vanilla-flavouring,en:natural-vanilla-extract,
en:modified-starch,en:starch,
en:e322,en:soya-lecithin,
en:yeast-powder,en:yeast,
en:butterfat,en:fat,1
en:butterfat,en:butter,2
en:e410,fr:farine-de-graines-de-caroube-et-farine-de-graines-de-guar,
en:e270,en:acid,
en:folic-acid,en:vitamins,
en:herbs-and-spices,en:spice-extract,
en:palm,en:palm-oil,
en:e1404,en:modified-starch,
en:sodium-citrate,en:e331,
en:rice-starch,en:starch,1
en:rice-starch,en:rice,2
en:e150d,en:e150a,
en:sucrose,en:sugar,
en:vanilla-flavouring,en:natural-vanilla-extract,
en:wheat-fiber,en:wheat-bran,
en:milkfat,en:fat,1
en:milkfat,en:butter,2
fr:matiere-grasse-de-lait-anhydre,en:milkfat,
en:wheat-dextrose,en:dextrose,
en:thiamin-mononitrate,en:thiamin,
en:caramelised-sugar-syrup,en:sugar,
en:mollusc,en:shellfish,
en:corn-dextrose,en:dextrose,1
en:corn-dextrose,en:corn,2
en:broad-bean-flour,en:chickpea-flour,
en:vegetable-fiber,en:wheat-fiber,
en:fiber,en:wheat-fiber,
en:barn-eggs,en:egg,
en:microbial-coagulating-enzyme,en:enzyme,
en:whey-product,en:whey,
en:deactivated-yeast,en:yeast,
en:wheat-glucose-syrup,en:glucose-syrup,
en:rapeseed,en:colza-oil,
en:green-tea,en:plant,1
en:roselle-flower,en:plant,1
en:lemongrass,en:herb,
en:unrefined-sea-salt,en:salt,
en:pre-fried-onions,en:fried-onion,
en:dehydrated-glucose-syrup,en:glucose-syrup,
en:green-pepper,en:black-pepper,
en:wheat-flakes,en:oat-flakes,
en:black-tea,en:plant,1
en:aniseed,en:cumin-seeds,
en:coconut-extract,en:coconut,
en:e965ii,en:e965,
en:coffee-extract,en:coffee,
en:coagulating-enzyme,en:enzyme,
en:chilli,en:chili-pepper,
en:lovage,en:parsley,
en:e1442,en:modified-starch,
en:sweet-peppers,en:bell-pepper,
de:weizenvollkornflocken,en:wheat-flakes,
en:grape-must,en:grape-juice,
en:barley-flakes,en:oat-flakes,
en:grilled-courgette,en:courgette,
en:xanthan-gum-and-guar-gum,en:e415,
en:pear-puree,en:apple-puree,
en:lactase,en:enzyme,
en:guar-flour,fr:farine-de-graines-de-caroube-et-farine-de-graines-de-guar,
en:wholemeal-cereal,en:wholemeal-oat,
fr:legume-deshydrate,en:dehydrated-onion,
en:vanilla-pod,en:vanilla,
en:glucose-fructose-syrup,en:glucose-syrup,
en:fruit-and-plant-concentrates,en:concentrated-grape-juice,
en:low-fat-yogurt,en:yogurt,
en:mackerel-fillet,en:atlantic-mackerel,
en:exhausted-ground-vanilla-pod,en:vanilla,
en:e1422,en:modified-starch,
en:corn-maltodextrin,en:maltodextrins,
en:concentrated-grape-must,en:concentrated-grape-juice,
en:port,en:liqueur-wine,
en:natural-sheep-casing,fr:boyau-naturel-de-porc,
en:e150b,en:e150,
en:pea-fiber,en:wheat-bran,1
en:psyllium,en:wheat-bran,1
en:citrus-fibre,en:wheat-bran,1
en:mustard-powder,en:mustard-seed,
en:hulled-soya-bean,en:soya-bean,
en:microbial-culture,en:ferment,
en:mixed-spices,en:spice,
en:vanilla-powder,en:vanilla,
en:canola,en:rapeseed,
en:caramel-syrup,en:caramelised-sugar-syrup,
en:e472c,en:e472b,
en:peach-puree,en:peach,
en:chicory-fibre,en:wheat-bran,1
en:chicory-fibre,en:chicory,2
en:pulp,en:fruit,
en:chokeberry,en:fruit,
en:dried-fruits,en:dried-apple,
en:e1100,en:enzyme,
en:brewer-s-yeast,en:yeast,
en:wheat-sourdough,en:sourdough,
en:e1105,en:lysozyme-from-eggs,
fr:tomates-semi-sechees,en:dried-tomatoes,
en:pea-starch,en:starch,
fr:jaune-d-oeuf-frais,en:egg-yolk,
fr:puree-de-tomates-reconstituee,en:tomato-puree,
fr:filets-de-poulet,en:chicken-meat,
en:lupin-flour,en:lupin,
en:fructooligosaccharide,en:oligofructose,
en:cereals-containing-gluten,en:cereal,
de:würze,en:spice,
en:star-anise,en:spice,
en:bamboo-fibre,en:vegetable-fiber,
fr:fond-de-porc,en:broth,
en:vegetable-protein,en:protein,1
en:hydrolysed-pea-protein,en:protein,1
en:hydrolysed-pea-protein,en:pea,2
en:cocoa-bean,en:cocoa,
en:small-white-onions,en:onion,
en:potato-maltodextrin,en:maltodextrins,
en:bourbon-vanilla,en:vanilla,
fr:eclats-de-noisettes,en:hazelnut,
en:pink-peppercorn,en:spice,
en:yellow-carrot,en:carrot,
fr:melange-de-salades,en:salad,
es:sirope-de-glucosa-de-maiz,en:glucose-syrup,
en:e331iii,en:e331,
en:potato-fibre,en:wheat-bran,1
en:potato-fibre,en:potato,2
en:arabica-coffee,en:coffee,
en:whey-permeate,en:whey,
en:verbena,en:herb,
en:bifidus-actiregularis,en:ferment,
en:e472a,en:e472b,
en:streptococcus-thermophilus,en:ferment,
en:barley-malt-syrup,en:rice-syrup,
en:acacia-fibre,en:wheat-bran,1
en:galangal,en:ginger,
en:rehydrated-soy-protein,en:protein,1
en:cereal-crispies,en:cereal,
en:rye-sourdough,en:sourdough,
en:exhausted-vanilla-pod,en:vanilla,
fr:mout-de-raisin-cuit,en:grape-juice,
en:rooibos,en:plant,1
en:juniper-berry,en:fruit,1
en:lactobacillus-bulgaricus,en:ferment,
fr:pulpe-de-fruits,en:fruit,
en:selected-ferments,en:ferment,
en:wholemeal-flour,en:wholemeal-barley-flour,
en:natural-spice-flavouring,en:spice,
fr:extrait-de-legumes,en:vegetable,
en:bifidus,en:ferment,
en:rye-flakes,en:rye,
en:e420ii,en:e420,
en:millet-seed,en:millet,
fr:noisettes-entieres,en:hazelnut,
fr:os-et-viande-de-porc,en:pork,
en:natural-yeast,en:yeast,
en:ground-almonds,en:almond,
en:camomile,en:herb,
en:green-chili-pepper,en:chili-pepper,
en:green-flageolets,en:beans,
en:exhausted-vanilla-pod,en:vanilla,
en:pasteurized-creme-fraiche,en:cream,
es:sirope-de-agave,en:agave-syrup,
en:e460i,en:e460,
en:lemon-balm,en:herb,
en:e336i,en:e336,
fr:maltodextrine-de-ble,en:maltodextrins,
en:linden,en:plant,
de:trockenhefe,en:yeast,
en:alaskan-pollock-fillet,en:alaska-pollock,
en:e433,en:vegetable-oil,
en:ground-hazelnuts,en:hazelnut,
en:selected-lactic-ferments,en:ferment,
fr:olives-vertes-denoyautees,en:green-olives,
fr:levain-de-seigle-devitalise,en:sourdough,
en:aspic,en:plant,
fr:tomates-pelees-concassees-au-jus,en:crushed-peeled-tomato,
en:soy-flakes,en:soya,
en:fat-reduced-cocoa,en:fat-reduced-cocoa-powder,
en:lithothamnium-calcareum,en:algae,
en:bourbon-vanilla-natural-flavouring,en:vanilla,
en:e1101,en:enzyme,
en:collagen,en:protein,
en:mirabelle-plum,en:prune,
en:natural-casing,fr:boyau-naturel-de-porc,
fr:sorbitols-et-glycerol,en:e420,
en:maltose,en:sugar,
en:sheeps-casing,fr:boyau-naturel-de-porc,
en:koji,en:ferment,
en:hazelnut-praline,en:praline,
en:precooked-pasta,en:cooked-pasta,
en:apple-fiber,en:wheat-bran,1
en:apple-fiber,en:apple,2
fr:champignon-noir-rehydrate,en:mushroom,
en:madeira,en:liqueur-wine,
fr:fibre-de-carotte,en:wheat-bran,
fr:ferments-d-affinage,en:ferment,
en:smoked-bacon,en:bacon,
en:marinade,en:sauce,
en:tea,en:plant,
en:brandy,en:liqueur-wine,
fr:proteines-de-petit-lait,en:protein,1
fr:proteines-de-petit-lait,en:whey,2
en:soy-protein-isolate,en:protein,1
fr:aiguillettes-de-poulet,en:chicken-meat,
en:bourbon-vanilla-powder,en:bourbon-vanilla,
de:hirseflocken,en:millet,
de:hydrolysiertes-schweineprotein,en:hydrolysed-pea-protein,1
de:joghurtpulver,en:yogurt,2
de:kakao-extrakt,en:cocoa,2
de:lactobacillus-helveticus,en:lactobacillus-bulgaricus,
de:orangeschalenextrakt,en:orange-extract,
de:sauerteig-getrocknet,en:sourdough,
en:acai-berry,en:cranberry,1
en:acai-juice,en:juice,1
en:algae-concentrate,en:algae,
en:animal,en:meat,
en:animal-protein,en:protein,1
en:animal-protein,en:meat,2
en:arabica-coffee-extract,en:coffee-extract,
en:basil-extract,en:basil,
en:beef-protein,en:protein,1
en:beef-protein,en:beef,2
en:blaack-thai-rice,en:black-rice,
en:black-and-white-pepper,en:black-pepper,
en:blend-of-eu-and-non-eu-honeys,en:blend-of-non-eu-honey,
en:blend-of-honeys,en:honey,
en:animal-protein,en:protein,1
en:bloody-milk-cap,en:mushroom,
en:bourbon-vanilla-beans,en:bourbon-vanilla,
en:brewer-s-yeast,en:baker-s-yeast,
en:brewing-water,en:brewer-s-yeast,
en:butter-natural-flavouring,en:butter,
en:cabernet,en:grape,
en:calvados,en:armagnac,
en:cane-invert-syrup,en:cane-sugar-syrup,
en:capsicum-extract,en:chili-pepper,
en:caramel-sauce,en:caramel-syrup,
en:carignan,en:grape,
en:carnaroli-rice,en:rice,
en:category-a-eggs,en:egg,
en:ceylon-black-tea,en:black-tea,
en:ceylon-green-tea,en:green-tea,
en:chardonnay,en:grape,
en:chasselas,en:cassia,
en:chilean-mussel,en:blue-mussel,
en:chokeberry-juice,en:chokeberry,
en:cider-vinegar-powder,en:cider-vinegar,2
en:citrus-fruit-extract,en:citrus-fruit,
en:clam-meat,en:clam,
en:clarified-butter,en:butter,
en:cocoa-bean-chips,en:cocoa-bean,
en:coconut-chips,en:coconut,
en:concentrated-celery-juice,en:celery,2
en:concentrated-leek-juice,en:leek,2
en:concentrated-mushroom-juice,en:mushroom,
en:concentrated-pumpkin-juice,en:pumpkin-juice,
en:concentrated-raspberry-juice,en:raspberry-juice,
en:concentrated-raspberry-juice-from-concentrate,en:raspberry-juice,
en:condiment-with-white-balsamic,en:white-balsamic-vinegar,
en:cornflower,en:herb,
en:corvina,en:fish,
en:cupric-citrate,en:cupric-carbonate,
en:d-biotin,en:biotin,
en:dehydrated-soy-protein,en:soy-protein-isolate,
en:dried-aubergine,en:grilled-aubergines,2
en:dried-goji-berries,en:goji,
en:dried-lovage,en:lovage,
en:egg-protein,en:pea-protein,1
en:egg-protein,en:egg,2
en:emmer,en:wheat,
en:emulsifier,en:soya-lecithin,
en:fermented-milk-products,en:dairy,
en:ferric-sodium-diphosphate,en:ferric-diphosphate,
en:finegrained-salt,en:sea-salt,
en:fresh-category-a-eggs,en:egg,
en:fruit-extract,en:fruit,
en:fully-hydrogenated-fat,en:hydrogenated-fat,
en:fully-hydrogenated-vegetable-fat,en:hydrogenated-vegetable-fat,
en:galacto-oligosaccharides,en:fructooligosaccharide,
en:gamay,en:grape,
en:ghee,en:butter,
en:ginger-extract,en:ginger,
en:golden-chanterelle,en:mushroom,
en:grapefruit-flavouring,en:grapefruit,
en:grapefruit-natural-flavouring,en:grapefruit,
en:green-and-black-olives,en:green-olives,
en:ground-vanilla-beans,en:exhausted-ground-vanilla-pod,
en:herb-extract,en:herb,
en:hom-mali-rice,en:rice,
en:european-lobster,en:american-lobster,
en:hydrolised-animal-protein,en:animal-protein,
en:hydrolysed-corn-protein,en:hydrolysed-pea-protein,1
en:hydrolysed-proteins,en:hydrolysed-vegetable-protein,
en:hydrolysed-soy-protein,en:soy-protein,
en:hydrolyzed-wheat-protein,en:hydrolysed-vegetable-protein,
en:juniper,en:juniper-berry,
en:kasha,en:buckwheat,
en:kiwi-juice,en:kiwi,
en:kosher-salt,en:salt,
en:lactobacillus-acidophilus,en:lactobacillus-bulgaricus,
en:lactobacillus-casei,en:lactobacillus-bulgaricus,
en:lactobacillus-lactis,en:lactobacillus-bulgaricus,
en:lactose-powder,en:lactose,
en:large-eggs,en:egg,
en:lemon-fibre,en:lemon-puree,2
en:lemon-powder,en:lemon-peel,2
en:lemon-vinaigrette,en:vinaigrette,
en:liquid-coffee-extract,en:coffee-extract,
en:liquorice-root,en:liquorice,
en:liquorice-root-extract,en:liquorice-extract,
en:lovage-leaves,en:lovage,
en:magnesium-acetate,en:magnesium,
en:malbec,en:grape,
en:malted-wholemeal-rye-flour,en:wholemeal-rye-flour,
en:manganese-citrate,en:manganese,
en:mantis-shrimp,en:shrimp,
en:mate,en:herb,
en:merlot,en:grape,
en:south-pacific-hake,en:deep-water-cape-hake,
en:mild-whole-yogurt,en:whole-yogurt,
en:milk-filling,en:milk,2
en:milk-protein-concentrate,en:milk-proteins,
en:milkcap,en:mushroom,
en:mint-flavouring,en:mint,
en:mix-of-flower-honeys,en:flower-honey,
en:modified-milk-ingredients,en:milk,
en:mourvedre,en:grape,
en:mushroom-extract,en:champignon,
en:musky-octopus,en:octopus,
en:must,en:grape,
en:natural-almond-flavouring,en:almond,
en:natural-apricot-flavouring,en:apricot,
en:natural-banana-flavouring,en:banana,
en:natural-bergamot-orange-flavouring,en:orange,
en:natural-blueberry-flavouring,en:blueberry,
en:caramel,en:caramelised-sugar,
en:natural-caramel-flavouring,en:caramel,
en:natural-carrot-flavouring,en:carrot,
en:natural-cheddar-flavouring,en:cheddar,
en:natural-cheese-flavouring,en:cheese,
en:natural-cherry-flavouring,en:cherry,
en:natural-chicken-flavouring,en:chicken,
en:natural-chocolate-flavouring,en:chocolate,
en:cinammon,fr:cannelle-de-ceylan,
en:natural-cinammon-flavouring,en:cinammon,
en:natural-citrus-flavouring,en:orange,
en:natural-tarragon-flavouring,en:tarragon,
en:natural-fig-flavouring,en:fig,
en:natural-fish-flavouring,en:fish,
en:natural-flavor-of-turmeric,en:turmeric,
en:natural-fruits-flavouring,en:fruit,
en:natural-ginger-flavouring,en:ginger,
en:natural-goat-cheese-flavouring,en:goat-cheese,
en:natural-herbs-flavouring,en:herb,
en:natural-honey-flavouring,en:honey,
en:natural-hot-pepper-flavouring,en:chili-pepper,
en:natural-mandarin-orange-flavour,en:mandarin,
en:natural-mango-flavouring,en:mango,
en:natural-milk-flavouring,en:milk,
en:natural-mint-flavouring,en:mint,
en:natural-nut-flavouring,en:nut,
en:natural-orange-blossom-flavouring,en:orange,2
en:natural-orange-flavouring,en:orange,
en:natural-oregano-flavouring,en:oregano,
en:natural-paprika-flavor,en:paprika,
en:natural-peach-flavouring,en:peach,
en:natural-pear-flavouring,en:pear,
en:natural-pepper-flavouring,en:black-pepper,
en:natural-peppermint-flavouring,en:peppermint,
en:natural-pork-flavouring,en:pork,
en:natural-poultry-flavouring,en:poultry,
en:rum,fr:rhum-blanc-agricole,
en:natural-rum-flavouring,en:rum,
en:natural-sage-flavouring,en:sage,
en:natural-salmon-flavouring,en:salmon,
en:natural-shallot-flavouring,en:shallot,
en:natural-sour-almond-flavouring,en:almond,
en:natural-sweet-lime-flavouring,en:lime,
en:natural-tarragon-flavouring,en:tarragon,
en:natural-tea-flavouring,en:tea,
en:natural-thyme-flavouring,en:thyme,
en:nibbed-and-ground-hazelnuts,en:ground-hazelnuts,
en:nutmeg-extract,en:nutmeg,
en:oarfish,en:fish,
en:oligofructose-syrup,en:fructose-syrup,
en:chum-salmon,en:rainbow-trout,
en:sockeye-salmon,en:chum-salmon,
en:onion-extract,en:onion,
en:onion-flavouring,en:onion,
en:orange-flavouring,en:orange,
en:oregano-extract,en:oregano,
en:organic-almond-flour,en:almond,
en:organic-aniseed,en:aniseed,
en:organic-cocoa-beans,en:cocoa-bean,
en:organic-cocoa-mass-and-organic-cocoa-butter,en:cocoa-mass-and-cocoa-butter,
en:organic-liquorice,en:liquorice,
en:organic-green-tea,en:green-tea,
en:organic-hops,en:hops,
en:organic-kiwi,en:kiwi,
en:organic-maltose-syrup,en:maltose-syrup,
en:organic-milk-proteins,en:milk-proteins,
en:organic-rooibos,en:rooibos,
en:patagonian-squid,en:indian-squid,
en:pea-starch,en:pea,2
en:pea-starch,en:starch,1
en:peach-flavouring,en:peach,
en:pear-flavouring,en:pear,
en:pears-in-cubes,en:pear,
en:penaeidae,en:shrimp,
en:pepper-flavouring,en:black-pepper,
en:peppermint-flavouring,en:peppermint,
en:peppermint-oil,en:peppermint,2
en:pine-bolete,en:weeping-bolete,
en:pink-grapefruit-natural-flavouring,en:pink-grapefruit-juice,
en:pinot-noir,en:pinot-meunier,
en:pistachio-seed-oil,en:sesame-oil,1
en:pistachio-seed-oil,en:pistachio-nuts,2
en:plant-extracts,en:plant,
en:natural-casing,en:pork,
en:pork-protein,en:pork,2
en:pork-protein,en:protein,1
en:potassium-fluoride,en:potassium-iodide,
en:poulsard,en:grape,
en:powdered-milk-products,en:milk-powder,
en:precooked-bulgur,en:cooked-bulgur,
en:precooked-sardine-fillets,en:precooked-sardine,
en:pumpkin-seed-oil,en:organic-pumpkin-seed-oil,
en:queen-scallop,en:great-scallop,
en:raspberry-flavouring,en:raspberry,
en:red-pepper-seed-oil,en:preserved-chili-pepper,2
en:red-port,en:port,
en:red-wine-extract,en:organic-red-wine,
en:rhubarb-juice,en:rhubarb,
en:rice-from-italy,en:rice,
en:roscoff-onions,en:onion,
en:roscoff-pdo-onions,en:roscoff-onion-powder,
en:rose-petals,en:herb,
en:natural-rum-flavouring,en:rum,
en:rye-malt,en:wheat-malt,
en:rye-sirup,en:rice-syrup,
en:safflower-flower,en:safflower,
en:saffron-milk-cap,en:mushroom,
en:salt-from-camargue,en:salt,
en:salted-butter-caramel-sauce,en:salted-butter-caramel,
en:sauerkraut-juice,en:sauerkraut,
en:sciacarello,en:grape,
en:seafood-flavouring,en:shellfish,
en:seitan,en:wheat-protein,
en:selenium,en:sodium-selenite,
en:shellfish-extract,en:shellfish,
en:soapwort,en:herb,
en:soapwort-extract,en:herb,
en:sodium-fluoride,en:sodium-iodide,
en:sodium-hydrogen-selenite,en:sodium-selenite,
en:sodium-selenate,en:sodium-selenite,
en:spanish-organic-olive-oil,en:organic-olive-oil,
en:speculaas,en:speculoos,
en:stevia-rebaudiana-extract,en:herb,
en:strawberry-flavouring,en:natural-strawberry-flavouring,
en:sulfates,en:sulfite,
en:sulfide,en:sulfite,
en:superioir-quality-camargue-long-grain-rice,en:rice,
en:superior-quality-long-grain-parboiled-rice,en:parboiled-long-grain-rice,
en:superior-quality-long-grain-white-rice,en:superior-quality-long-grain-rice,
en:superior-quality-organic-long-grain-rice,en:organic-long-grain-white-rice,
en:superior-quality-organic-rice,en:rice,
en:sweet-lime-flavouring,en:natural-lime-flavouring,
en:swordtip-squid,en:mitre-squid,
en:syrah,en:grape,
en:tapioca-maltodextrin,en:tapioca-flour,2
en:tapioca-maltodextrin,en:maltodextrins,1
en:tequila,en:rum,
en:albacore,en:yellowfin-tuna,
en:thyme-extract,en:thyme,
en:totally-hydrogenated-palm-fat,en:totally-hydrogenated-palm-oil,
en:swordtip-squid,en:mitre-squid,
en:wheat-cakes,en:wheat-flakes,
en:wheat-or-corn-dextrose,en:wheat-dextrose,
en:whole-milk-yogurt-powder,en:whole-milk-powder,
fr:aiguillette-de-poulet,fr:aiguillettes-de-poulet,
en:wild-garlic,en:garlic,
fr:algue-laminaire-en-poudre,en:algae,
fr:algues-rehydratees,en:algae,
fr:amandes-biologiques,en:almond,
fr:amandes-blanchies-en-poudre,en:blanches-almonds,
fr:amandes-caramelisees,en:bitter-almond,
fr:amandes-decortiquees,en:almond,
en:natural-citrus-flavouring,en:orange,
en:natural-dill-flavouring,en:dill,
fr:arome-naturel-de-celeri,en:celery,
fr:arome-naturel-de-champignon,en:mushroom,
fr:arome-naturel-de-citron-citron-vert,en:lime,
en:natural-sweet-lime-flavouring,en:lime,
fr:arome-naturel-de-liveche,en:lovage,
fr:arome-naturel-de-moutarde,en:mustard,
fr:arome-naturel-de-noisette,en:hazelnut,
en:natural-pear-flavouring,en:pear,
fr:arome-naturel-de-reglisse,en:liquorice,
fr:arome-naturel-de-romarin,en:rosemary,
fr:arome-naturel-de-sucre-roux,en:brown-sugar,
fr:arome-naturel-de-vanille-de-madagascar,en:natural-vanilla-flavouring,
fr:arome-naturel-de-vin-blanc,en:white-wine,
fr:aromes-naturels-de-reglisse,en:liquorice,
en:buttermilk,fr:beurre-pasteurise-doux,
fr:blancs-d-oeufs-pasteurises,fr:blanc-d-oeuf-liquide-pasteurise,
fr:ble-malte-torrefie-concasse,fr:ble-malte-concasse,
fr:bleuets,en:blueberry,
fr:bouillon-de-homard,en:pork-stock,1
fr:cafe-moulu-pur-arabica-bio,fr:cafe-moulu-pur-arabica,
fr:caramel-en-poudre,en:caramel,
fr:carottes-en-rondelles,fr:carottes-rapees,
en:celery-powder,en:celery-puree,2
fr:ciboulette-deshydratee,en:chives,
fr:concentre-d-hibiscus-et-de-carotte,en:concentrated-carrot-juice,
fr:concentre-de-citrouille,en:pumpkin,2
fr:concentre-salin-liquide,en:brine,
en:fruit-concentrates,en:fruit-juice-concentrate,
en:coriander-powder,en:coriander,
fr:crevettes-decortiquees,en:grey-shrimp,
fr:crevettes-roses,en:grey-shrimp,
fr:d-elevage-en-plein-air,en:free-range-eggs,
fr:dattes-bio,en:date,
fr:decor-au-cacao-maigre,en:fat-reduced-cocoa,
fr:demi-abricots,en:organic-apricot,
fr:dextrine-de-ble,en:dextrinated-wheat-flour,
en:corn-dextrin,en:dextrinated-cornmeal,
fr:dextrose-de-tapioca,en:tapioca-flour,2
en:tapioca-dextrin,en:tapioca-flour,2
en:tapioca-dextrin,en:corn-dextrose,1
fr:dextrose-de-tapioca,en:corn-dextrose,1
fr:echalote-deshydratee,en:dehydrated-onion,
fr:eclats-de-caramel-au-beurre-sale,en:salted-butter-caramel,
fr:eclats-de-noisettes-caramelises,fr:eclats-de-noisettes,
fr:ecorces-d-agrumes,en:citrus-fibre,
fr:emulsifiant-lecithines,fr:emulsifiant-lecithine-de-tournesol,
fr:epinards-deshydrates,en:spinach,
fr:extrait-d-ail,en:garlic,
fr:extrait-d-huitre,en:oyster,
fr:extrait-de-celeri,en:celery,
en:crab-extract,en:crab,
fr:extrait-de-malte-d-orge-houblonne,en:barley-malt-extract,
fr:extrait-de-piment,en:pepper-extract,
fr:extrait-de-pois,en:pea,
fr:extrait-de-poulet,en:poultry-extract,
fr:extrait-de-vin-blanc-distille,en:white-wine-extract,
en:natural-spice-extract,en:spice-extract,
en:natural-paprika-extract,en:paprika,
fr:extrait-naturel-de-poivre,en:black-pepper-extract,
fr:extrait-naturel-de-romarin,en:rosemary,
fr:extraits-naturels-d-orange,en:orange-extract,
en:peanut-flour,en:peanut-oil,2
en:celery-leaves,en:celery,
fr:fibres-de-betterave,en:beetroot-sprouts,2
fr:fibres-de-legume,fr:fibres-de-betterave,2
fr:fibres-de-tomate,en:tomato-puree,2
fr:filet-de-poulet-traite-en-salaison-cuit,fr:viande-de-poulet-traitee-en-salaison-cuite,
fr:filets-de-poulet-jaune,fr:filets-de-poulet,
fr:filets-de-thon,en:tuna,
fr:flageolets-verts-extra-fins,en:green-flageolets,
fr:flocons-de-pomme,en:apple,
fr:flocons-de-seigle-malte,en:rye-malt-flour,
fr:fraises-lyophilisees,en:freeze-dried-raspberries,
en:low-fat-cheese,fr:fromages-rapees-seches,
fr:fruits-a-cidre-de-normandie,en:apple,
en:fruit-and-vegetable-concentrates,en:fruit-and-plant-concentrates,
fr:fruits-exotiques,en:fruit,
fr:fumet-de-poisson-aromatise,fr:fumet-de-poisson,
fr:glucose-de-ble,en:glucose,
fr:graines-de-sarrasin,en:buckwheat,
fr:gros-oeufs-de-poules-elevees-en-plein-air,en:free-range-chicken-eggs,
fr:haricots-rouges-rehydrates,fr:haricots-rouges-precuits,
fr:haricots-rouges-secs-trempes,fr:haricots-blancs-secs-trempes,
fr:huile-de-coco-vierge-biologique,en:organic-coconut-oil,
fr:huile-de-noix-de-coco-totalement-hydrogenee,fr:huile-de-noix-de-coco-totalement-hydrogenee-et-non-hydrogenee,
fr:huile-essentielle-de-menthe,en:mint,2
fr:huile-essentielle-de-poivre,en:black-pepper,2
en:pea-protein-isolate,en:soy-protein-isolate,
fr:jaune-d-oeuf-liquide-pasteurise,en:liquid-egg-yolk,
en:pasteurised-egg-yolk,en:liquid-egg-yolk,
fr:jaune-d-oeuf-sale,en:egg-yolk,
en:baby-carrots,en:orange-carrot,
fr:jus-concentre-de-celeri-et-de-carotte,en:concentrated-carrot-juice,
fr:jus-concentre-de-fruits-rouges,fr:jus-de-fruits-rouges-a-base-de-concentres,2
fr:jus-concentre-pulpe-de-citron,en:lemon,2
fr:jus-de-celeri-rave-concentre,en:celery,
fr:jus-de-citron-bio-concentre,en:concentrated-lemon-juice,
en:lime-juice-concentrate,en:concentrated-lemon-juice,
fr:jus-de-cuisson,en:cooking-water,
fr:jus-de-dattes-concentre,en:date,
fr:jus-de-poire-concentre,en:pear-juice-from-concentrate,2
fr:jus-de-raisin-concentre-rectifie,en:concentrated-grape-juice,
fr:lentilles-noires-beluga,en:lentils,
fr:lentilles-rehydratees,en:precooked-lentils,
fr:lentilles-vertes-du-berry,en:organic-green-lentils,
fr:lentillons,en:lentils,
fr:levain-de-ble-deshydrate,fr:levain-de-seigle-devitalise,
fr:levain-de-ble-devitalise,fr:levain-de-seigle-devitalise,
fr:levain-de-seigle-deshydrate-et-devitalise,fr:levain-de-seigle-devitalise,
fr:machons-et-ailerons-de-poulet,fr:manchons-de-poulet,
fr:mais-moulu,en:corn,
fr:maltodextrine-fumee,en:maltodextrins,
en:duck-wing,en:duck-meat,
fr:manchons-de-canard-du-sud-ouest,en:duck-meat,
fr:matieres-grasses-vegetales-de-colza,en:colza-oil,
fr:morceaux-de-pistache,en:pistachio-nuts,
fr:moules-cuites,en:mussel,
fr:mout-de-pomme-concentre,fr:puree-de-pommes-concentree,
fr:mout-de-pomme-concentre,en:concentrated-apple-juice,
fr:mout-de-raisin-concentre-et-cuit,fr:mout-de-raisin-cuit,
fr:mout-de-raisin-concentre-rectifie,en:concentrated-grape-must,
en:wild-blueberries,en:blueberry,
fr:noisettes-decortiquees,fr:noisettes-entieres,
fr:noisettes-entieres-torrefiees,fr:noisettes-entieres,
fr:noix-de-saint-jacques-sans-corail,en:scallop,
fr:oeuf-entier-d-elevage-au-sol,en:barn-eggs,
fr:oeufs-de-categorie-a-de-poules-elevees-en-plein-air,en:free-range-chicken-eggs,
en:eggs-from-caged-hens,en:egg,
fr:oeufs-de-poules-elevees-en-plein-air-calibre-moyen,en:free-range-chicken-eggs,
fr:oeufs-de-poules-elevees-en-plein-air-pasteurises,en:free-range-chicken-eggs,
fr:oeufs-entiers-extra-frais,en:whole-fresh-eggs,
fr:oeufs-extra-frais,en:whole-fresh-eggs,
fr:oeufs-frais-de-poule-elevees-en-plein-air,en:free-range-chicken-eggs,
fr:oignon-semoule,en:dehydrated-onion,
fr:oignons-eminces,en:onion,
fr:oignons-en-morceaux,en:onion,
en:pearl-onion,en:onion,
fr:oignons-grilles-en-poudre,en:dehydrated-onion,
fr:origan-deshydrate,en:oregano,
fr:origan-en-poudre,en:oregano,
fr:orthophosphate,en:phosphate,
fr:os-et-viande-de-poulet,en:chicken-meat,
fr:pain-special-bretzel,fr:pain-special-cuit,
fr:palmiste-totalement-hydrogenee,en:palm-kernel-oil,
fr:papayes-sechees,en:papaya,
en:coconut-paste,en:coconut,
fr:pates-alimentaires-de-semoule-de-ble-dur-de-qualite-superieure,en:durum-wheat-semolina-pasta,
fr:peches-en-cubes,en:peach,
fr:petales-de-ble,en:whole-wheat-flakes,
fr:petales-de-bleuet,en:herb,
fr:petales-de-jasmin,en:herb,
fr:petales-de-tournesol,en:sunflower-seed,2
fr:petales-de-tournesol,en:herb,1
fr:petit-epeautre,fr:farine-de-petit-epeautre,
fr:piment-oiseau,en:sweet-peppers,
fr:plantes-aromatiques-deshydratees,en:herbs-and-spices,
fr:pois-chiches-rehydrates,en:chickpea,
fr:pois-chiches-secs-trempes,en:chickpea,
en:red-and-yellow-bell-peppers,en:red-bell-pepper,
fr:pommes-en-poudre,fr:pulpe-de-pomme,
en:gala-apple,en:golden-delicious-apple,
fr:poudre-au-beurre,en:apple,
fr:poudre-de-cacao-cru,en:cocoa-powder,
en:shrimp-powder,en:shrimp-paste,
fr:poudre-de-lait-rehydratee,en:milk,
fr:poudre-de-vinaigre-d-alcool,en:alcohol-vinegar,
fr:poulet-deshydrate,en:chicken-meat,
fr:poulet-traite-en-salaison,fr:poulet-roti-traite-en-salaison,
en:powdered-milk-products,en:dairy,
fr:proteines-de-ble-deshydratees,en:wheat-protein,
fr:proteines-de-ble-partiellement-hydrolysees,en:wheat-protein,
fr:proteines-de-soja-i-p,en:soy-protein-isolate,
fr:proteines-de-soja-texturees,en:soy-protein,
fr:proteines-solubles-de-lait,en:milk-proteins,
fr:proteines-vegetales-rehydratees,en:vegetable-protein,
en:organic-cider-apple-juice,en:cider-apple-juice,
fr:pur-jus-de-pommes-a-cidre-de-bretagne,en:cider-apple-juice,
fr:pur-jus-de-pommes-pressees,en:pure-apple-juice,
fr:puree-d-ananas,en:banana-puree,
fr:puree-de-citron-sucree,en:lemon-puree,
fr:puree-de-framboise-concentree,en:raspberry-puree,
es:pure-de-fruta-de-la-pasion,en:passion-fruit,
fr:puree-de-marrons,fr:marrons-ue,
fr:puree-de-tomates-triple-concentree,en:concentrated-tomato-puree,
fr:purees-de-fruits-a-base-de-concentres,en:fruit,
en:cherry-stem,en:cherry,2
fr:queues-de-crevettes,en:northern-prawn,
fr:quinoa-rouge-precuit,en:red-quinoa,
fr:riz-arborio-long-grain-de-qualite-superieure,en:superior-quality-long-grain-rice,
fr:riz-basmati-cuit,fr:riz-precuit,
fr:riz-basmati-precuit,fr:riz-precuit,
fr:riz-long-italien-etuve,en:parboiled-long-grain-rice,
fr:riz-long-pour-risotto,en:risotto-rice,
fr:riz-pour-risotto-etuve,en:risotto-rice,
fr:riz-riceberry-melange,en:rice,
fr:riz-rond-de-camargue,en:camargue-rice,
fr:riz-thai-long-grain-de-qualite-superieure,en:superior-quality-long-grain-rice,
fr:sang-de-porc,en:pork-meat,
fr:sang-frais-de-porc,en:pork-meat,
fr:sardines-fraiches,en:sardine,
fr:sauce-au-cafe,en:chocolate-sauce,
fr:sauce-tomate-cuisinee,fr:sauce-tomate-cuite,
fr:saucisses-fumees,fr:saucisses-pur-porc-fumees,
fr:sesame-complet,en:sesame,
fr:sirop-d-amidon,en:wheat-syrup,
fr:sirop-d-amidon-de-mais,en:corn-starch,
fr:sirop-de-glucose-de-ble-en-poudre,en:wheat-glucose-syrup,
fr:sirop-de-malt-d-orge-deshydrate,en:dehydrated-glucose-syrup,
fr:sirop-de-sucre-melasse,en:sugar-syrup,
en:partially-inverted-sugar-syrup,en:invert-sugar-syrup,
fr:tomates-entieres-pelees,en:peeled-tomatoes,
fr:tomates-semi-sechees-marinees,en:sundried-tomatoes,
fr:vanille-bourbon-naturelle-en-gousse,en:vanilla,
en:natural-vanilla,en:vanilla,
fr:vermicelle-de-pois-rehydrate,fr:vermicelle-de-pois,
fr:viande-de-boeuf-en-poudre,en:minced-beef,
fr:yaourt-maigre-en-poudre,fr:lait-maigre-en-poudre,
en:wholemeal-barley,en:wholemeal-barley-flour,
en:beetroot-sugar,en:sugar,
en:berry-blend,en:berries,
en:celery-powder,en:celery-powder,
en:coconut-butter,en:coconut-oil,
en:extra-virgin-coconut-oil,en:coconut-oil,
en:fractionated-coconut-oil,en:coconut-oil,
en:refined-coconut-oil,en:coconut-oil,
en:hydrogenated-coconut-oil,en:coconut-oil,
en:cooked-chicken-with-natural-juices,en:chicken,
en:coriander-paste,en:coriander,
en:coriander-powder,en:coriander,
en:crunchy-peanut-butter,en:peanut-butter,
en:fractionated-palm-kernel-oil,en:palm-kernel-oil,
en:hydrogenated-palm-kernel-oil,en:palm-kernel-oil,
en:fractionated-palm-oil,en:palm-oil,
en:refined-palm-oil,en:palm-oil,
en:mediterranean-salt,en:salt,
en:non-gmo-sunflower-lecithin,en:sunflower-lecithin,
en:non-hydrogenated-olive-oil,en:olive-oil,
en:refined-olive-oil,en:olive-oil,
en:pasteurized-skimmed-cow-s-milk,en:skimmed-milk,
en:pitted-olive,en:olive,
en:raw-cream,en:cream,
en:reconstituted-milk-powder,en:milk-powder,
en:red-apple,en:apple,
en:refined-vegetable-oil,en:vegetable-oil,
en:rice-flakes,en:rice,
en:scottish-salmon,en:salmon,
en:skimmed-cows-milk,en:skimmed-milk,
en:skimmed-milk-soft-cheese,en:soft-cheese,
en:spaghetti,en:pasta,
en:tagliatelle,en:pasta,
en:whole-cow-s-milk-powder,en:whole-milk-powder,
en:wholemeal-cereal-flakes,en:whole-grain-oat-flakes,
fr:blanc-d-oeuf-en-poudre-de-poules-elevees-au-sol,en:powdered-egg-white,
en:british-cream,en:cream,
en:cured-cheese,en:cheese,
en:double-cream,en:cream,
en:fortified-british-wheat-flour,en:wheat-flour,
en:fully-hydrogenated-canola-oil,en:canola-oil,
en:fully-hydrogenated-vegetable-oils,en:vegetable-oils,
en:green-apple,en:apple,
en:hydrogenated-palm-fat,en:palm-fat,
en:liquid-egg,en:egg,
en:mixed-fruit,en:fruit,
en:monterey-jack,en:cheese,
en:non-gmo-canola-oil,en:canola-oil,
en:non-hydrogenated-rapeseed-oil,en:rapeseed-oil,
en:non-hydrogenated-vegetable-suet,en:vegetable-oil,
en:partially-hydrogenated-vegetable-fat,en:vegetable-oil,
en:partially-hydrogenated-soybean-oil,en:soya-oil,
en:pink-salt,en:salt,
en:shortening,en:vegetable-shortening,
en:whole-grain-khorasan-flour,en:khorasan-wheat-flour,
en:whole-grain-teff-flour,en:teff,
en:whole-green-pea-flour,en:green-peas,
en:kalamon-olive,en:olive,
en:uht-cream,en:cream,
en:pasteurized-skimmed-milk,en:skimmed-milk,
en:semolina-flour,en:semolina,
fr:jus-de-raisin-rouge,en:grape-juice,
fr:citron-confit,en:lemon,
en:vinegar-gherkin,en:gherkin,
en:concentrated-white-grape-juice,en:grape-juice,
en:italian-pepper,en:pepper,
en:pardina-lentils,en:lentils,
en:bramley-apple-puree,en:apple-puree,
en:risoni,en:pasta,
fr:vin-cremant-de-loire-aop,en:wine,
en:hydrogenated-vegetable-oil,en:vegetable-oil,
en:pear-juice,en:pear,
en:brown-mustard-seed,en:mustard-seed,
en:yeast-extract-powder,en:yeast,
en:salt-from-ile-de-re,en:salt,
en:california-seedless-raisins,en:grape,
en:swiss-cheese,en:cheese,
en:british-beef,en:beef,
en:rockfish,en:fish,
en:white-cheddar,en:cheddar,
fr:lentilles-rouges-decortiquees,en:lentils,
en:skimmed-cocoa-powder,en:cocoa-powder,2
fr:yogourt-au-lait-pasteurise,en:yogurt,
en:blue-stilton,en:cheese,
en:non-gmo-corn-starch,en:corn-starch,
en:skimmed-milk-soft-cheese,en:cheese,
fr:fromage-frais-au-lait-pasteurise,en:soft-cheese,
en:british-potato,en:potato,
fr:chair-de-poisson,en:fish,
fr:vin-de-france,en:wine,
fr:filets-de-maquereaux-espagnols,en:chub-mackerel,
en:bramley-apple,en:apple,
en:pecorino,en:sheep-s-milk-cheese,
en:stewed-pork,en:pork,
fr:viande-et-gras-de-porc,en:pork,
en:saltwater-fish,en:fish,
en:canola-oil-preparation,en:canola-oil,
en:spice-paste,en:spice,
en:lancashire-cheese,en:cheese,
en:fine-salt-from-guerande,en:salt,
fr:pain-special-cuit,en:bread,
fr:fromage-au-lait-de-vache-bio-thermise,en:cheese,
de:weissmehl,en:flour,
en:meatball,en:meat,
en:muscadet,en:wine,
en:whole-cane-sugar,en:cane-sugar,
de:gekochte-maronen,en:chesnut,
fr:marrons-entiers,en:chesnut,
en:refined-salt,en:salt,
en:refined-vegetable-oil,en:vegetable-oil,
fr:blanc-de-calmars,en:squid,
en:creme-fraiche,en:cream,
en:black-eyed-pea,en:red-beans,
en:dried-kidney-beans,en:red-beans,
fr:haricots-chevriers-verts,en:red-beans,
en:british-pork,en:pork,
fr:farine-mi-blanche,en:flour,
fr:lait-de-vache-thermise,en:milk,
fr:fromage-a-pate-pressee-cuite,en:cheese,
fr:viande-de-boeuf-mise-en-oeuvre,en:beef-meat,
en:cabernet-franc,en:wine,
fr:gambas-cuites,en:shrimp,
en:meat-preparation,en:meat,
fr:pulpe-de-homard,en:lobster,
en:unrefined-salt,en:salt,
en:whipping-cream,en:cream,
en:muscovado,en:brown-sugar,
en:vegetable-oil-and-fat,en:vegetable-oil,
en:vegetable-shortening,en:vegetable-oil,
en:sea-salt-flakes,en:salt,
en:british-wholegrain-wheat,en:wheat,
en:white-fish,en:fish,
fr:viande-bovine-halal,en:beaf,
en:red-prawn,en:shrimp,
en:minced-pork,en:pork,
fr:viande-cuisinee,en:meat,
en:fruits-preparation,en:fruit,
fr:melanges-de-miels-d-acacia-originaires-et-non-originaires-de-l-union-europeenne,en:acacia-honey,
es:vinagre-de-alcohol-de-cana,en:alcohol-vinegar,1
en:almond-flour,en:almond,
en:flaked-almonds,en:almond,1
en:raw-almonds,en:almond,1
en:whole-almonds,en:almond,1
la:stolephorus-spp,en:anchovy,
fr:pommes-d-aquitaine,en:apple,
nl:appels-van-biologisch-dynamische-teelt,en:apple,
fr:puree-de-pommes-francaises,en:apple-puree,
en:organic-apricot,en:apricot,1
es:mermelada-de-albaricoque,en:apricot,2
fr:demi-abricots,en:apricot,1
en:apricot-kernels,en:apricot,2
fr:clupea-harengus-peche-en-atlantique-nord,en:atlantic-herring,
en:lardon,en:bacon,1
fr:barde,en:bacon,
en:fresh-yeast,en:baker-s-yeast,1
nl:biologisch-wijnsteenbakpoeder,en:baking-powder,
de:bananenpulver,en:banana,
en:banana-chips,en:banana,
en:banana-flakes,en:banana,1
en:basil-leaf,en:basil,1
fr:riz-basmati-cuit,en:basmati-rice,2
fr:riz-basmati-precuit,en:basmati-rice,2
la:laurus-nobilis,en:bay-leaf,
en:borlotti-bean,en:beans,1
en:cannellini-beans,en:beans,
en:beef-extract,en:beef,1
en:beef-meat,en:beef,1
en:grass-fed-beef,en:beef,1
en:roasted-beef-including-beef-juices,en:beef,
fr:pur-boeuf,en:beef,
fr:sous-produit-du-boeuf,en:beef,
es:cerveza-amstel,en:beer,
en:beetroot-powder,en:beetroot,1
en:beetroot-sprouts,en:beetroot,1
en:beetroot-syrup,en:beetroot,2
en:piquillo-pepper,en:bell-pepper,
fr:fruits-rouges-lyophilises,en:berries,
en:boysenberry,en:berries,2
fr:biscuits-au-beurre,en:biscuit,1
en:concentrated-black-carrot,en:black-carrot,
en:black-carrot-juice,en:black-carrot,2
fr:jus-de-carotte-noire-concentre,en:black-carrot-juice,1
en:kalamata-olive,en:black-olive,1
en:kalamon-olive,en:black-olive,1
en:olive-pate,en:black-olive,1
fr:olives-noires-avec-noyau,en:black-olive,1
fr:olives-noires-confites-entieres,en:black-olive,1
en:black-and-green-pepper,en:black-pepper,1
fr:jus-de-mure-a-base-de-jus-concentre,en:blackberry,2
en:blackcurrant-juice-from-concentrate,en:blackcurrant-juice,2
fr:mytilus-edulis-pechees-en-atlantique-nord,en:blue-mussel,
en:blueberry-juice-from-concentrate,en:blueberry-juice,2
de:heidelbeerpüree-aus-konzentrat,en:blueberry-puree,
fr:quartiers-d-oeufs-durs,en:boiled-egg,
en:bran-flour,en:bran,
de:panade,en:bread-crumbs,1
en:panko,en:bread-crumbs,1
en:vicia-faba,en:broad-bean,
en:cooking-broth,en:broth,2
en:meat-stock,en:broth,2
en:buckwheat-flakes,en:buckwheat,1
en:organic-buckwheat,en:buckwheat,1
en:puffed-buckwheat,en:buckwheat,1
fr:sarrasin-rehydrate,en:buckwheat,1
fr:galette-en-ble-noir,en:buckwheat-flour,
en:pasteurised-buffalo-milk,en:buffalo-milk,1
de:deutsche-markenbutter,en:butter,
en:sweet-cream-butter,en:butter,1
fr:beurre-laitier,en:butter,2
en:rapini,en:cabbage,2
en:unrefined-cane-sugar,en:cane-sugar,1
es:azucar-caramelizado-en-polvo,en:caramelised-sugar,
en:naturally-carbonated-natural-mineral-water,en:carbonated-natural-mineral-water,1
fr:eau-minerale-naturelle-gazeifiee,en:carbonated-natural-mineral-water,2
fr:eau-minerale-naturelle-renforcee-au-gaz-de-la-source,en:carbonated-natural-mineral-water,2
de:karottengranulat,en:carrot,
de:karottenpulver,en:carrot,
en:baby-carrots,en:carrot,1
en:carrot-extract,en:carrot,1
en:orange-carrot,en:carrot,1
en:organic-carrots,en:carrot,1
fr:carottes-en-morceaux,en:carrot,
fr:concentre-d-hibiscus-et-de-carotte,en:carrot,1
fr:concentre-de-carotte,en:carrot,
fr:concentre-de-carotte-et-de-citrouille,en:carrot,
en:concentrated-carrot-juice,en:carrot-juice,1
fr:jus-concentre-de-celeri-et-de-carotte,en:carrot-juice,1
en:cashew-nut-paste,en:cashew-nuts,1
en:raw-cashews,en:cashew-nuts,2
fr:garniture-de-celeri,en:celery,1
en:celery-seed,en:celery,2
en:boletus-edulis,en:cep,1
en:chestnut-mushroom,en:champignon,
en:chard-concentrate,en:chard,
en:medium-mature-cheddar,en:cheddar,
en:vintage-cheddar,en:cheddar,
de:bergkäse,en:cheese,
en:american-cheese,en:cheese,
en:halloumi,en:cheese,
en:jarlsberg,en:cheese,
en:mixed-cheese,en:cheese,
en:red-leicester,en:cheese,
en:stilton,en:cheese,
en:taleggio,en:cheese,
en:vasterbotten-cheese,en:cheese,
en:wensleydale,en:cheese,
fr:base-aromatisante-fromage,en:cheese,
fr:preparation-fromagere,en:cheese,
fr:vacherin-fribourgeois-aop,en:cheese,
en:double-gloucester,en:cheese,2
en:quark,en:cheese,2
en:romano-cheese,en:cheese,2
en:tilsit,en:cheese,2
de:kirschsaft-aus-kirschsaftkonzentrat,en:cherry,
en:cherry-juice,en:cherry,1
en:cherry-puree,en:cherry,1
en:pureed-chestnuts,en:chestnut,1
fr:extrait-de-poulet,en:chicken,1
nl:scharrelkipeiwit,en:chicken-egg-white,
de:hähnchenfilet,en:chicken-fillet,
en:halal-chicken-filet,en:chicken-fillet,1
en:superior-chicken-fillet,en:chicken-fillet,1
de:hähnchenfleisch,en:chicken-meat,
de:hühnerfleischpulver,en:chicken-meat,
en:british-chicken,en:chicken-meat,
en:chicken-cutlet,en:chicken-meat,1
en:cicer-arietinum,en:chickpea,
en:organic-chickpea,en:chickpea,1
en:pedrosillano-chickpeas,en:chickpea,
en:extract-of-chicory,en:chicory,1
en:bird-s-eye-chili,en:chili-pepper,
en:chili-extract,en:chili-pepper,
en:chili-in-vinegar,en:chili-pepper,
en:chilli-flakes,en:chili-pepper,
en:habanero-chili,en:chili-pepper,
en:peri-peri,en:chili-pepper,
en:pimiento,en:chili-pepper,
en:tabasco-chile,en:chili-pepper,
en:allspice,en:chili-pepper,2
en:jalapeno,en:chili-pepper,2
en:chive-seasoning,en:chives,
de:halbbitterschokolade,en:chocolate,
en:chocolate-filling,en:chocolate,1
en:chocolate-powder,en:chocolate,1
en:pure-cocoa-butter-chocolate,en:chocolate,1
en:sugar-free-chocolate-chips,en:chocolate,2
fr:pulpe-de-tomates-avec-morceaux-et-puree-de-tomates,en:chopped-tomatoes,1
en:pink-clam,en:clam,
en:undulate-venus,en:clam,
fr:palourdes-precuites,en:clam,
de:kakao-extrakt,en:cocoa,1
en:cocoa-cream,en:cocoa,2
en:cocoa-fat,en:cocoa-butter,
fr:cacao-cru,en:cocoa,
en:cocoa-processed-with-alkali,en:cocoa,2
en:raw-cacao-butter,en:cocoa-butter,1
en:raw-cacao-powder,en:cocoa-powder,1
es:nectar-del-brote-de-la-flor-del-coco,en:coconut,2
nl:kokosnootwater,en:coconut,2
en:coconut-butter,en:coconut,2
en:organic-coconut-oil,en:coconut-oil,1
fr:huile-de-coco-non-hydrogenee,en:coconut-oil,1
fr:huile-de-noix-de-coco-totalement-hydrogenee-et-non-hydrogenee,en:coconut-oil,1
nl:biologische-kokosbloesem-siroop,en:coconut-sugar,1
en:nata-de-coco,en:coconut-water,
en:natural-coconut-water,en:coconut-water,2
en:lightly-smoked-cod-roe,en:cod,
en:pacific-cod,en:cod,2
en:coffee-beans,en:coffee,1
en:cold-brew-coffee,en:coffee,
en:nescafe-coffee,en:coffee,
en:organic-coffee,en:coffee,1
en:roasted-coffee,en:coffee,1
en:modified-cognac,en:cognac,
en:hydrogenated-colza-oil,en:colza-oil,1
en:organic-colza-oil,en:colza-oil,1
fr:monodiglycerides-de-colza,en:colza-oil,
la:morchella-esculenta,en:common-morel,
en:condensed-semi-skimmed-milk,en:condensed-milk,1
fr:lait-ecreme-concentre-ou-en-poudre,en:condensed-milk,
fr:arome-de-coriandre,en:coriander,
en:corn-fiber,en:corn,2
en:modified-cornflour,en:corn,
fr:mais-torrefie-concasse,en:corn,
nl:maïspoeder,en:corn,
en:corn-molasses,en:corn,2
fr:amidon-modifie-de-mais-visqueux,en:corn-starch,1
fr:amidons-modifies-de-mais-et-de-pomme-de-terre,en:corn-starch,2
en:hydrogenated-cottonseed-oil,en:cottonseed-oil,1
fr:courgettes-en-rondelles,en:courgette,1
fr:chair-de-crabe,en:crab,1
en:sugared-cranberries,en:cranberry,1
la:vaccinium-macrocarpon,en:cranberry,
fr:jus-de-cranberry-a-base-de-concentre,en:cranberry,2
en:red-swamp-crayfish,en:crayfish,2
en:fresh-cream,en:cream,1
en:sterilized-cream,en:cream,1
en:whole-cream,en:cream,1
fr:creme-fraiche-liquide,en:cream,1
fr:extrait-de-crustace,en:crustacean,1
fr:poissons-et-crustaces-mis-en-oeuvre,en:crustacean,1
en:gherkin,en:cucumber,2
en:cucumber-juice-from-concentrate,en:cucumber-juice,1
en:kefir,en:dairy,2
en:dark-chocolate-chunks,en:dark-chocolate,1
en:date-paste,en:date,
en:date-syrup,en:date,2
en:deglet-nour-dates,en:date,
en:medjool-dates,en:date,2
fr:crevettes-tropicale-decortique-crue,en:deep-sea-shrimp,1
en:inactive-dough,en:dough,
en:sourdough,en:dough,2
da:tørrede-æbleskiver,en:dried-apple,
fr:tomates-sechees-rehydratees,en:dried-tomatoes,1
fr:morceaux-de-foie-gras-de-canard,en:duck-liver,2
de:hartweizendunst,en:durum-wheat,
en:freekeh,en:durum-wheat,
en:organic-durum-wheat,en:durum-wheat,1
nl:durum-tarwegriesmeel,en:durum-wheat-semolina,
en:chicken-egg,en:egg,1
en:egg-derivatives,en:egg,
en:eggs-from-switzerland,en:egg,
en:free-range-eggs,en:egg,
en:fresh-egg,en:egg,1
en:pasteurized-liquid-egg,en:egg,1
en:quail-eggs,en:egg,1
en:whole-egg,en:egg,1
es:productos-derivados-de-huevo,en:egg,
fr:oeuf-pasteurise,en:egg,1
en:eggs-yolk-powder-from-free-range-hens,en:egg-yolk-powder,1
en:elderflower,en:elder,
en:elderberry-extract,en:elderberry,1
fr:concentre-de-sureau,en:elderberry,
en:emmental-from-france,en:emmental,
en:coffee-cream,en:cream,2
es:aceite-de-oliva-virgen-extra-de-lubrin,en:extra-virgin-olive-oil,
en:hydrogenated-fat,en:fat,1
en:milkfat,en:fat,1
en:shortening,en:fat,2
en:organic-fennel,en:fennel,1
en:fenugreek-leaf,en:fenugreek,2
de:gemahlen-bockshornkleesamen,en:fenugreek-seed,
en:fig-paste,en:fig,
es:higos-pajarero,en:fig,
de:leinsaat-geschrotet,en:flax-seed,
en:flax-flour,en:flax-seed,1
de:frische-fettarme-milch,en:fresh-milk,
en:fresh-organic-pasteurised-semi-skimmed-milk,en:fresh-milk,1
en:fresh-whole-milk,en:fresh-milk,1
en:glucose-fructose-syrup,en:fructose,1
de:fruktosepulver,en:fructose-syrup,
en:boysenberry-juice,en:fruit-juice,
en:lingonberry-juice,en:fruit-juice,
en:raspberry-juice,en:fruit-juice,1
en:sea-buckthorn-juice,en:fruit-juice,
fi:mansikoista-valmistettu-mehu-ja-viinirypäleet,en:fruit-juice,
en:fruit-juice-concentrate,en:fruit-juice,2
en:lime-juice,en:fruit-juice,2
en:partridge,en:game-animal,
en:deer,en:game-animal,2
de:junge-markerbsen,en:garden-peas,
en:black-garlic,en:garlic,
en:tender-garlic,en:garlic,
fr:ail-et-fines-herbes,en:garlic,
fr:ail-seche,en:garlic,1
en:ginger-juice,en:ginger,
en:ginger-paste,en:ginger,1
en:ginger-puree,en:ginger,1
en:garnacha-grape,en:grape,
en:grape-seeds,en:grape,1
en:grapes-of-other-varieties,en:grape,
en:tempranillo-grape,en:grape,
fi:mansikoista-valmistettu-mehu-ja-viinirypäleet,en:grape,
en:sultanas,en:grape,2
fi:rypäle-ja-vadelmatäysmehu-tiivisteestä,en:grape-juice,
en:concentrated-grape-juice,en:grape-juice,2
en:organic-grape-juice,en:grape-juice,2
fr:ecorces-de-pamplemousse,en:grapefruit,1
fr:jus-de-pamplemousse-a-base-de-concentre,en:grapefruit-juice,2
fr:emmental-francais-rape,en:grated-emmental-cheese,1
es:esparragos-verdes-sin-pelar,en:green-asparagus,
en:green-and-red-lentils,en:green-lentils,1
en:organic-green-lentils,en:green-lentils,1
fr:lentilles-vertes-du-berry,en:green-lentils,1
fr:lentilles-vertes-du-puy,en:green-lentils,1
fr:lentilles-vertes-precuites,en:green-lentils,1
en:arbequina-olive,en:green-olives,
en:gordal-olive,en:green-olives,
en:green-olives-with-pits,en:green-olives,
en:manzanilla-olive,en:green-olives,
en:patagonian-grenadier,en:hake,1
en:british-ham,en:ham,
en:smoked-ham-with-natural-juices,en:ham,
pt:presunto,en:ham,
en:chopped-hazelnuts,en:hazelnut,1
fr:noisettes-avec-peau,en:hazelnut,1
en:herring-fillets,en:herring,1
en:honey-powder,en:honey,
es:miel-de-cana,en:honey,
fr:cafe-soluble-lyophilise,en:instant-coffee,1
en:invert-cane-sugar,en:invert-sugar,1
en:iodised-sea-salt,en:iodised-salt,1
en:baby-kale,en:kale,
en:saccharina-japonica,en:kombu,
en:lamb-gut,en:lamb,1
en:lamb-meat,en:lamb,1
de:magerquarkpulver,en:lean-stern,
de:lauchpulver,en:leek,
en:brown-beans,en:legume,1
en:flageolets,en:legume,1
en:soya-bean,en:legume,1
nl:veldbonen,en:legume,1
en:lemon-marmalade,en:lemon,2
en:lemon-oil,en:lemon,2
en:lemon-scent,en:lemon,2
fr:extrait-naturel-de-citron,en:lemon,
fr:jus-concentre-pulpe-de-citron,en:lemon,1
de:orangeschalenextrakt,en:orange-zest,1
fr:creme-fraiche-legere-epaisse,en:light-cream,1
en:lingonberry-juice,en:lingonberry,
en:amaretto,en:liqueur,
en:chocolate-liqueur,en:liqueur,
en:sherry,en:liqueur-wine,
fr:riz-basmati-long-grain-naturellement-parfume,en:long-grain-basmati-rice,
en:superior-quality-long-grain-white-rice,en:long-grain-white-rice,1
es:lichis-deshuesados,en:lychee,
en:caramelized-wheat-malt-flour,en:malted-wheat-flour,
es:oleomargarina-bovina,en:margarine,1
en:chili-mayonnaise,en:mayonnaise,
en:harissa-mayonnaise,en:mayonnaise,
en:beef-meat,en:beef,1
en:black-botifarra,en:meat,
en:lamb-meat,en:lamb,1
fi:kokolihavalmiste,en:meat,
fi:ruokamakkara,en:meat,
en:goat-meat,en:meat,2
en:horse-meat,en:meat,2
en:venison,en:meat,2
fr:melons-confits,en:melon,
en:melon-seed,en:melon,2
en:melted-powdered-cheese,en:melted-cheese,1
de:joghurt-mild-mit-magermilchpulverzusatz,en:mild-yogurt,1
de:speisequarkzubereitung,en:mild-yogurt,1
en:semi-skimmed-mild-yogurt,en:mild-yogurt,1
en:skimmed-mild-yogurt,en:mild-yogurt,1
de:käsereimilch,en:milk,
en:cow-s-milk,en:milk,1
en:haymilk,en:milk,1
en:milk-solids,en:milk,
en:raw-milk,en:milk,1
nl:vloeibare-melkbestanddelen,en:milk,
en:buffalo-milk,en:milk,2
fr:lait-de-montagne,en:milk,2
fr:lait-ecreme-concentre-ou-en-poudre,en:milk-powder,
en:natural-mineral-water,en:mineral-water,2
en:melado,en:molasses,
fr:morilles-sechees,en:morels,
la:morchella-conica,en:morels,
en:fairy-ring-mushroom,en:mushroom,
en:horn-of-plenty,en:mushroom,
en:kikurage-mushroom,en:mushroom,
en:mixed-mushrooms,en:mushroom,
en:mushroom-powder,en:mushroom,
en:pholiota,en:mushroom,
en:slippery-jack,en:mushroom,
en:truffle,en:mushroom,
en:yellow-foot,en:mushroom,
fr:chanterelles,en:mushroom,
en:cep,en:mushroom,2
en:dark-cep,en:mushroom,2
en:dried-cep,en:mushroom,2
en:oyster-mushroom,en:mushroom,2
en:pine-bolete,en:mushroom,2
en:portobello,en:mushroom,2
en:shiitake,en:mushroom,
en:straw-mushroom,en:mushroom,2
en:summer-cep,en:mushroom,2
en:weeping-bolete,en:mushroom,2
en:wood-ear,en:mushroom,2
fr:moules-glazurees,en:mussel,
fr:morceaux-de-nougat,en:nougat,
en:oat-milk,en:oat,
en:whole-grain-oats,en:oat,1
en:whole-grain-rolled-oats,en:oat,1
en:oat-oil,en:oat,2
nl:haverzemelen-met-kiem,en:oat-bran,
en:gluten-free-oat-fibre,en:oat-fibre,
en:marine-oil,en:oil,1
en:olive-pomace-oil,en:olive-oil,
en:organic-olive-oil,en:olive-oil,1
en:black-olive,en:olives,2
de:zwiebeln-gegrillt,en:onion,1
en:fresh-onions,en:onion,1
en:onion-puree,en:onion,1
en:onion-sproute,en:onion,
en:rehydrated-onion,en:onion,1
en:white-onion,en:onion,1
fr:oignons-coupes,en:onion,1
fr:oignons-rissoles,en:onion,
fr:oignon-fume-en-poudre,en:onion,2
en:eating-orange,en:orange,
en:orange-marmalade,en:orange,1
fr:oranges-pressees,en:orange-juice,
fr:jus-d-orange-et-autres-agrumes-a-base-de-concentres,en:orange-juice,2
fr:lait-de-vache-bio-thermise,en:organic-milk,2
en:palm-olein,en:palm-oil,1
en:palm-stearin,en:palm-oil,1
en:sustainable-palm-oil,en:palm-oil,
en:palm-and-rapeseed,en:palm-oil-and-fat,1
en:palm-fat,en:palm-oil-and-fat,1
fr:riz-pour-risotto-etuve,en:parboiled-rice,1
fr:riz-basmati-precuit,en:parboiled-rice,2
fr:parmigiano-reggiano-aop,en:parmesan,
en:parsley-leaf,en:parsley,1
nl:peterseliewortel,en:parsley,
de:pastinakenpulver,en:parsnip,
en:concentrated-passion-fruit-juice,en:passion-fruit-juice,2
en:durum-wheat-semolina-pasta,en:pasta,1
en:linguine,en:pasta,
en:penne,en:pasta,
fr:canneloni,en:pasta,
fr:melange-de-pates-alimentaires-cuisinees,en:pasta,
fr:pates-alimentaires-aux-oeufs-cuites,en:pasta,
en:lasagne,en:pasta,2
en:fresh-organic-pasteurised-semi-skimmed-milk,en:pasteurised-milk,1
sv:högpastöriserad-mjölk,en:pasteurised-milk,
sv:lågpastöriserad-mjölk,en:pasteurised-milk,
sv:opastöriserad-mjölk,en:pasteurised-milk,
en:peach-juice,en:peach,1
en:pitted-peach,en:peach,
en:saturn-peach,en:peach,
fr:demi-peches,en:peach,
en:peanut-with-shell,en:peanut,1
en:shelled-peanuts,en:peanut,1
fr:pignons-de-pin-decortiques,en:pine-nuts,1
la:nucleus-pineus,en:pine-nuts,
la:pinus-sibirica,en:pine-nuts,
en:pineapple-syrup,en:pineapple,2
en:concentrated-pineapple-juice,en:pineapple-juice,2
fr:pate-de-pistache,en:pistachio-nuts,1
fr:pistaches-en-coques,en:pistachio-nuts,2
fr:ecorces-de-grenade,en:pomegranate,2
en:organic-pomegranate-juice,en:pomegranate-juice,2
fr:pur-jus-de-grenade,en:pomegranate-juice,2
en:acorn-fed-iberian-pig,en:pork,
en:pigs-blood,en:pork,2
en:pigs-trotters,en:pork,
en:pepperoni,en:pork,2
en:pork-by-product,en:pork,2
fr:tissu-conjonctif-de-porc,en:pork,2
fr:plasma-de-porc,en:pork-by-product,1
fr:proteines-de-sang-de-porc,en:pork-by-product,1
en:dewlap,en:pork-meat,
en:pig-cheek,en:pork-meat,
fr:chipolatas-aux-herbes,en:pork-meat,1
fr:viande-de-porc-traitee-en-salaison,en:pork-meat,2
fr:viande-separee-mecaniquement-de-porc,en:pork-meat,2
en:organic-potato,en:potato,1
en:potato-powder,en:potato,1
en:russet-potatoes,en:potato,1
fr:pommes-de-terre-de-consommation-a-chair-ferme,en:potato,
en:modified-potato-starch,en:potato-starch,
fr:amidons-de-ble-et-de-pomme-de-terre,en:potato-starch,2
fr:amidons-modifies-de-mais-et-de-pomme-de-terre,en:potato-starch,2
en:quail,en:poultry,2
fr:fond-de-volaille-aromatise,en:poultry-broth,
de:hühnerei-trockeneiweiß,en:powdered-egg-white,
nl:scharrelei-eiwitpoeder,en:powdered-egg-white,
nl:vrije-uitloopei-eiwitpoeder,en:powdered-egg-white,
fr:pruneaux-d-agen,en:prune,1
en:prune-juice,en:prune,2
fr:concentre-de-carotte-et-de-citrouille,en:pumpkin,
fr:concentre-de-citrouille,en:pumpkin,1
de:sauermilchquark,en:quark,1
de:speisequarkzubereitung,en:quark,1
fi:rasvaton-rahka,en:quark,1
nl:volle-kwark,en:quark,1
en:quince-jelly,en:quince,2
de:quinoa-gepufft,en:quinoa,
en:black-quinoa,en:quinoa,
en:quinoa-seeds,en:quinoa,
en:white-quinoa,en:quinoa,1
en:quinoa-flour,en:quinoa,2
en:white-quinoa-flour,en:quinoa,2
en:daikon,en:radish,2
en:rainbow-trout-fillet,en:rainbow-trout,1
en:smoked-rainbow-trout,en:rainbow-trout,1
fi:rapsi-ja-auringonkukkaöljy,en:rapeseed-oil,
en:canola-oil,en:rapeseed-oil,2
en:raspberry-juice,en:raspberry,1
en:raspberry-powder,en:raspberry,2
en:red-raspberries,en:raspberry,1
fr:variete-willamette,en:raspberry,
fr:haricots-rouges-precuits,en:red-beans,1
fr:haricots-rouges-rehydrates,en:red-beans,1
en:red-beetroot-juice,en:red-beetroot,1
fr:betterave-rouge-deshydratee,en:red-beetroot,1
en:red-chili-puree,en:red-chili-pepper,1
en:red-pepper-seed-oil,en:red-chili-pepper,1
en:green-and-red-lentils,en:red-lentils,1
en:organic-red-lentils,en:red-lentils,1
en:marinated-red-onion,en:red-onion,1
en:red-and-green-bell-peppers,en:red-bell-pepper,1
fr:quinoa-rouge-et-blanc,en:red-quinoa,
en:arborio-rice,en:rice,1
en:black-rice,en:rice,1
en:camargue-rice,en:rice,1
en:extruded-rice,en:rice,
en:germinated-rice,en:rice,1
en:long-grain-rice,en:rice,1
en:organic-rice,en:rice,1
en:rice-extract,en:rice,1
en:rice-semolina,en:rice,1
en:risotto-rice,en:rice,1
en:round-rice,en:rice,1
en:sushi-rice,en:rice,
fr:creme-de-riz,en:rice,2
fr:riz-gluant,en:rice,
fr:riz-moulu,en:rice,
fr:riz-pour-risotto-etuve,en:rice,1
en:rice-cream,en:rice,2
fr:riz-precuit,en:rice,2
en:pregelatinized-rice-flour,en:rice-flour,1
en:organic-roasted-peanuts,en:roasted-peanuts,1
en:baby-arugula,en:rocket,
en:lightly-smoked-cod-roe,en:roe,1
en:water-chestnut,en:root-vegetable,1
en:rosemary-extract,en:rosemary,
de:roggengrießkleie,en:rye,
de:roggenschrot,en:rye,
en:rye-malt,en:rye,1
en:wholemeal-rye,en:rye,1
en:rye-grains,en:rye,2
en:rye-sirup,en:rye,2
en:grated-rye-bread,en:rye-bread,2
en:pregelatinized-rye-flour,en:rye-flour,
en:sifted-rye-flour,en:rye-flour,1
en:sage-extract,en:sage,1
nl:koolvisfilet,en:saithe,
en:wild-rocket,en:salad,
fr:batavia,en:salad,
fr:salade-composee,en:salad,
de:steinsalz,en:salt,
en:himalayan-salt,en:salt,
en:smoked-salt,en:salt,1
en:sodium-iodide,en:salt,1
nl:mineraalzout,en:salt,
fr:concentre-salin-liquide,en:salt,2
en:precooked-sardine,en:sardine,1
fr:sardines-selectionnees,en:sardine,
en:precooked-sardine-fillets,en:sardine-fillets,1
en:atlantic-calico-scallop,en:scallop,1
en:distant-scallop,en:scallop,
en:patagonian-scallop,en:scallop,
en:peruvian-scallop,en:scallop,
en:speckled-scallop,en:scallop,
en:white-scallop,en:scallop,1
en:porgies,en:sea-breams,
en:celtic-sea-salt,en:sea-salt,
en:himalayan-sea-salt,en:sea-salt,
en:iodised-sea-salt,en:sea-salt,1
en:salt-from-noirmoutier,en:sea-salt,
fr:sel-gros-de-mer,en:sea-salt,
en:salt-from-guerande,en:sea-salt,2
de:frische-fettarme-milch,en:semi-skimmed-milk,
en:fresh-organic-pasteurised-semi-skimmed-milk,en:semi-skimmed-milk,1
fr:lait-de-montagne-partiellement-ecreme,en:semi-skimmed-milk,1
fr:sesame-dore,en:sesame,1
en:organic-sesame-seeds,en:sesame-seeds,1
en:concentrated-shallot-juice,en:shallot,1
fr:pulpe-d-echalote,en:shallot,1
en:grey-shrimp,en:shrimp,1
en:heterocarpus,en:shrimp,
en:northern-prawn,en:shrimp,1
en:pandalus-jordani,en:shrimp,
en:parapenaeopsis-stylifera,en:shrimp,
en:scarlet-shrimp,en:shrimp,
fr:crevettes-decortiquees,en:shrimp,1
fr:crevettes-entieres-crues,en:shrimp,1
fr:crevettes-roses,en:shrimp,1
fr:queues-de-crevettes,en:shrimp,1
la:metapenaeus-affinis,en:shrimp,
la:solenocera-crassicornis,en:shrimp,
la:solenocera-spp,en:shrimp,
es:leche-desnatada-en-polvo-reconstituida,en:skimmed-milk-powder,
nl:magere-melkpoeder-van-biologische-oorsprong,en:skimmed-milk-powder,
fr:chairs-d-escargots,en:snail,1
la:helix-aspersa,en:snail,1
la:helix-lucorum,en:snail,1
la:helix-pomatia,en:snail,1
en:skimmed-soft-white-cheese,en:soft-white-cheese,
fr:fromage-frais-a-0-de-matiere-grasse,en:soft-white-cheese,1
fr:fromage-frais-a-la-ciboulette,en:soft-white-cheese,1
fr:fromage-frais-au-lait-demi-ecreme,en:soft-white-cheese,1
en:sorghum-flour,en:sorghum,2
de:sauerkirschsaft-aus-sauerkirschsaftkonzentrat,en:sour-cherry,
en:sour-cherry-juice,en:sour-cherry,1
en:light-soy-sauce,en:soy-sauce,
de:sojaerzeugnis,en:soya,
en:soy-grits,en:soya,
en:soya-base,en:soya,
en:soya-bean,en:soya,1
en:texturised-soya-protein,en:soya,2
es:concentrado-de-soja,en:soya,
fr:pousses-de-soja,en:soya,1
en:soy-base,en:soya,2
en:soy-bran,en:soya,2
fr:pain-special-viennois,en:special-bread,1
en:sesame-seed-bun,en:special-bread,2
fr:pain-special-bretzel,en:special-bread,2
en:inflated-spelt,en:spelt,
en:organic-spelt,en:spelt,1
en:sprouted-spelt,en:spelt,
en:whole-spelt,en:spelt,
fr:flocons-d-epeautre,en:spelt,2
en:kaffir-lime-leaf,en:spice,
en:lemon-leaf,en:spice,
en:lime-leaf,en:spice,
en:natural-spices,en:spice,
en:spices-and-spices-extracts,en:spice,
fr:epices-et-aromes,en:spice,
fr:epices-moulues,en:spice,
nl:speculaaskruiden,en:spice,
en:mace,en:spice,2
fr:epinards-en-branches,en:spinach,
fr:epinards-haches,en:spinach,1
fr:feuille-d-epinards,en:spinach,
fr:tetes-et-pinces-de-langoustines,en:spiny-lobster,
fr:eau-de-source-st-benoit,en:spring-water,2
en:argentine-shortfin-squid,en:squid,
en:baby-squid,en:squid,1
en:humboldt-squid,en:squid,
en:indian-squid,en:squid,1
en:mitre-squid,en:squid,1
en:patagonian-squid,en:squid,1
en:swordtip-squid,en:squid,1
en:teuthida,en:squid,
fr:anneaux-de-calmar,en:squid,
fr:calmar-geant,en:squid,
en:barley-starch,en:starch,1
en:rice-starch,en:starch,1
en:wheat-starch,en:starch,2
fr:amidons-de-ble-et-de-pomme-de-terre,en:starch,2
fr:lait-de-vache-bio-thermise,en:sterilised-milk,2
fi:mansikoista-valmistettu-mehu-ja-viinirypäleet,en:strawberry,
en:strawberry-powder,en:strawberry,2
en:concentrated-strawberry-puree,en:strawberry-puree,1
en:sugared,en:sugar,
en:trehalose,en:sugar,1
fr:sucres-extraits-de-fruits,en:sugar,1
en:cane-sugar-syrup,en:cane-sugar,2
en:unrefined-sugar,en:cane-sugar,2
fr:petales-de-tournesol,en:sunflower,2
fr:emulsifiant-lecithine-de-tournesol,en:sunflower-lecithin,2
en:high-oleic-sunflower,en:sunflower-oil,1
fi:rapsi-ja-auringonkukkaöljy,en:sunflower-oil,
fr:oleisol,en:sunflower-oil,
en:cyclamate,en:sweetener,1
en:erythritol,en:sweetener,1
en:oligosaccharides,en:sweetener,1
en:saccharin,en:sweetener,1
en:malt-syrup,en:syrup,1
en:tapioca-syrup,en:syrup,1
nl:tamarindepuree,en:tamarind,
en:tamarind-paste,en:tamarind,2
en:modified-tapioca-starch,en:tapioca-starch,2
en:blaack-thai-rice,en:thai-rice,1
en:thai-long-grain-rice,en:thai-rice,1
en:fresh-tomatoes,en:tomato,1
en:grilled-tomato,en:tomato,1
en:organic-tomato,en:tomato,1
en:tomato-puree,en:tomato,1
en:tomatoes-in-tomato-juice,en:tomato,
en:organic-tomato-cubes-in-organic-tomato-juice,en:tomato-cubes,1
en:tomatoes-in-tomato-juice,en:tomato-juice,
fr:jus-de-tomate-a-partir-de-concentre,en:tomato-juice,2
fr:puree-et-pulpe-de-tomates,en:tomato-pulp,1
en:bitter-almond,en:almond,1
en:cola-nut,en:tree-nut,
en:tigernut,en:tree-nut,
en:ginkgo-nuts,en:tree-nut,2
en:tuna-steak,en:tuna,1
en:roasted-turkey-including-natural-turkey-juices,en:turkey,
de:putenfleisch,en:turkey-meat,
en:turmeric-extract,en:turmeric,
en:sterilized-uht-cream,en:cream,1
en:organic-uht-sterilised-skimmed-milk,en:uht-sterilised-skimmed-milk,1
en:aloe-vera,en:vegetable,1
en:flat-endive,en:vegetable,1
en:pisto,en:vegetable,1
en:tuber,en:vegetable,1
en:vegetable-concentrate,en:vegetable,1
en:vegetables-in-variable-proportion,en:vegetable,1
fr:jus-de-legumes-concentres,en:vegetable,1
fr:legumes-frais,en:vegetable,1
en:coconut-fat,en:vegetable-fat,1
en:hydrogenated-vegetable-fat,en:vegetable-fat,1
en:illipe-oil,en:vegetable-fat,1
en:non-hydrogenated-vegetable-fats,en:vegetable-fat,1
en:sal-fat,en:vegetable-fat,1
en:vegetable-suet,en:vegetable-fat,1
fr:preparation-de-matieres-grasses-vegetales,en:vegetable-fat,
en:non-hydrogenated-vegetable-oils,en:vegetable-oil,1
en:pistachio-seed-oil,en:vegetable-oil,1
en:shea-oil,en:vegetable-oil,1
en:shorea-robusta-seed-oil,en:vegetable-oil,1
fr:huile-vegetale-raffinee,en:vegetable-oil,2
en:non-hydrogenated-vegetable-oil-and-fat,en:vegetable-oil,2
fr:vermicelles-cuits,en:vermicelli,1
fr:huile-vierge-de-noix,en:walnut-oil,2
en:distilled-water,en:water,1
en:water-like-ice-wrap,en:water,1
fr:eau-et-sel,en:water,1
fr:eau-potable,en:water,1
en:einkorn-wheat,en:wheat,1
en:graham-flour,en:wheat,
en:wheat-malt,en:wheat,1
fr:petales-de-ble,en:wheat,1
en:puffed-wheat,en:wheat,2
en:seitan,en:wheat,2
en:sprouted-wheat,en:wheat,2
de:weissmehl,en:wheat-flour,1
de:weizenquellmehl,en:wheat-flour,
en:durum-wheat-flour,en:wheat-flour,1
en:fortified-wheat-flour,en:wheat-flour,1
en:wheat-flour-type-00,en:wheat-flour,1
es:harina-de-trigo-enriquecida-segun-ley-25630,en:wheat-flour,
fr:farine-de-germes-de-ble-stabilise,en:wheat-flour,
fr:farine-de-gonflement-de-ble,en:wheat-flour,
fr:farine-mi-blanche,en:wheat-flour,1
de:weizenquellstärke,en:wheat-starch,
en:pregelatinized-wheat-starch,en:wheat-starch,1
fr:haricots-mogettes,en:white-beans,1
en:white-wine-extract,en:white-wine,1
en:raw-whole-cow-s-milk,en:whole-cow-s-milk,
en:raw-cow-s-milk,en:whole-cow-s-milk,
en:fresh-whole-milk,en:whole-milk,1
en:pedro-ximenez-wine,en:wine,
en:sauternes,en:wine,
en:stale-wine,en:wine,1
en:organic-wine,en:wine,2
fr:vin-aromatise,en:wine,2
en:torula-yeast,en:yeast,
en:yeast-extract,en:yeast,
de:joghurterzeugnis,en:yogurt,
de:joghurtpulver,en:yogurt,1
en:organic-yogurt,en:yogurt,1
en:skimmed-yogurt,en:yogurt,1
en:whole-milk-yogurt,en:yogurt,1
en:british-yogurt,en:yogurt,2
en:mild-yogurt,en:yogurt,2
fr:yaourt-brasse-sucre,en:yogurt,2
fr:yogourt-partiellement-ecreme,en:yogurt,2
en:british-chicken-breast,en:chicken-breast,
fr:grains-de-ble-dur-precuits,fr:ble-dur-precuit,1
fr:eau-de-source-st-benoit-gazeifiee,en:carbonated-spring-water,2
fr:foie-gras-de-canard-du-sud-ouest,en:duck-foie-gras,
fr:gesiers-de-canard-maigre-traites-en-salaison,en:duck-gizzards,
en:mung-bean-sprout,en:mung-bean,
en:round-green-beans,en:green-bean,
fr:haricots-vertes-tres-fins-coupes,fr:haricots-verts-tres-fins,1
fr:haricots-vertes-tres-fins-coupes,fr:haricots-verts-coupes,1
en:fully-hydrogenated-vegetable-oils,en:vegetable-oil,
en:concentrated-mandarin-juice,fr:jus-de-mandarine,1
en:red-grape-from-concentrate,en:grape-juice,2
de:nährhefepulver,en:nutritional-yeast,
de:gekochte-maronen,fr:marron,
fr:marrons-entiers,fr:marron,
fr:marrons-ue,fr:marron,1
fr:puree-de-marrons,fr:marron,1
de:fischmuskeleiweiß,en:fish,
en:fishpowder,en:fish,
en:oily-fish,en:fish,
en:scorpion-fish,en:fish,
en:thread-fin-bream,en:fish,
en:weever,en:fish,
fr:extrait-de-poisson,en:fish,
fr:lieu,en:fish,
fr:poissons-entiers-peches-en-mediterranee,en:fish,
fr:poissons-et-crustaces-mis-en-oeuvre,en:fish,
en:flounder,en:fish,
en:monkfish,en:fish,
en:roe,en:fish,2
en:tilapia,en:fish,2
fr:brochet,en:fish,2
en:concord-grape,en:black-grape,
en:blue-fenugreek,en:herb,1
en:burnet,en:herb,1
en:lavender,en:herb,1
en:marigold,en:herb,1
en:tulsi,en:herb,1
fr:ail-et-fines-herbes,en:herb,1
fr:extraits-naturels-et-aromates,en:herb,1
de:steviablätter,en:plant,1
en:ashwagandha,en:plant,1
en:common-mallow,en:plant,1
en:ginseng,en:plant,1
en:guarana,en:plant,1
en:hops,en:plant,1
en:lemon-beebrush,en:plant,1
en:mallow,en:plant,1
en:marsh-mallow,en:plant,1
en:meadowsweet,en:plant,1
en:orange-leaves,en:plant,1
en:plant-concentrates,en:plant,1
en:ribwort-plantain,en:plant,1
fr:feuilles-de-mures-douces,en:plant,1
fr:feuilles-de-murier,en:plant,1
fr:fleur-d-oranger,en:plant,1
fr:pin-sylvestre,en:plant,1
en:absinthe,en:alcohol,
en:campari,en:alcohol,
en:cava,en:alcohol,
en:cointreau,en:alcohol,
en:ethanol,en:alcohol,
en:kirsch,en:alcohol,
en:pomace-brandy,en:alcohol,1
en:whiskeys,en:alcohol,
en:asiago-medium-cheese,en:asiago,1
en:barley-extract,en:barley,
fr:cafe-arabica-decafeine-torrefie,en:decaffeinated-coffee,
fr:cafe-doux-sans-cafeine,en:decaffeinated-coffee,
en:fontal,en:fontina,
en:red-and-green-bell-peppers,en:green-bell-pepper,1
en:sambal,en:hot-sauce,
fi:kinkkuvalmiste,en:meat,
en:pleurotus-ostreatus,en:oyster-mushroom,1
en:pepper-extract,en:pepper,
en:persimmon-juice,en:persimmon,
en:plum-sugar,en:plum,
en:reindeer-shoulder,en:reindeer-meat,1
en:strawberry-juice-concentrate,en:strawberry-juice,
en:farmed-tilapia,en:tilapia,1
en:mozambique-tilapia,en:tilapia,1
en:nile-tilapia,en:tilapia,1
en:tilapia-fillet,en:tilapia,1
en:unrefined-cane-sugar,en:unrefined-sugar,1
en:unrefined-whole-cane-sugar,en:cane-sugar,
en:british-wholegrain-oat-flakes,en:whole-grain-oat-flakes,
en:algae-extract,en:algae,
en:chlorella,en:algae,
en:seaweed,en:algae,
en:calf-fat,en:animal-fat,1
en:beef-fat,en:animal-fat,2
en:suet,en:animal-fat,2
de:getrockneter-gerstenmalzextrakt,en:barley-malt-extract,1
de:rinderknochenmarkfett,en:beef-fat,1
en:buttermilk-solids,fr:beurre-pasteurise-doux,
fr:babeurre-pasteurise,fr:beurre-pasteurise-doux,
en:buttermilk-powder,fr:beurre-pasteurise-doux,2
de:getreideflocken,en:cereal,1
en:amaranth,en:cereal,1
en:cereal-and-seed-mixture,en:cereal,1
en:crunchy-cereals,en:cereal,1
fr:billes-de-cereales,en:cereal,1
fr:billettes-de-cereales,en:cereal,1
fr:cereales-biscuitees,en:cereal,1
fi:omena-päärynä-ja-rypäletäysmehu-tiivisteestä,en:concentrated-apple-juice,
en:apple-juice-from-concentrate,en:concentrated-apple-juice,2
fi:omena-päärynä-ja-rypäletäysmehu-tiivisteestä,en:concentrated-grape-juice,1
en:organic-concentrated-white-grape-juice,en:grape-juice,
en:corn-syrup-solids,en:corn-syrup,1
en:malted-corn-syrup,en:corn-syrup,1
es:sirope-de-glucosa-de-maiz,en:corn-syrup,1
en:inedible-crust,en:crust,1
fr:oignon-grille-en-poudre,en:fried-onion,2
en:bitter-orange,en:fruit,
en:boabab,en:fruit,1
en:citrus-fruit,en:fruit,1
en:custard-apple,en:fruit,1
en:lukuma,en:fruit,1
en:medlar,en:fruit,1
en:red-fruits,en:fruit,
en:sea-buckthorn,en:fruit,1
en:tamarillo,en:fruit,1
en:vine-fruit,en:fruit,
fr:fruits-des-bois,en:fruit,
fr:specialite-de-fruits-pomme-poire,en:apple,
fr:specialite-de-fruits-pomme-poire,en:pear,
en:fruit-concentrates,en:fruit,2
fr:fruits-confits,en:fruit,2
fr:jus-concentre-de-fruits-rouges,en:fruit-juice-concentrate,1
en:barley-gluten,en:gluten,1
en:hemp-seed-flour,en:hemp-seed,1
en:hemp-seed-oil,en:hemp-seed,1
en:chipotle,en:jalapeno,1
en:green-jalapeno-peppers,en:jalapeno,1
en:wholemeal-lentil-flour,en:lentil-flour,
en:caramel-malt,en:malt,1
en:extract-of-corn-malt,en:malt,1
en:malted-wholemeal-rye-flakes,en:malt,1
en:rye-malt,en:malt,1
en:wheat-malt,en:malt,1
nl:moutmeel,en:malt,1
en:barley-malt-extract,en:malted-barley,2
en:casein,en:milk-proteins,1
en:hydrolysed-milk-protein,en:milk-proteins,1
en:lactose-and-milk-proteins,en:milk-proteins,1
fr:proteines-de-petit-lait,en:milk-proteins,1
en:sprouted-millet,en:millet,1
fr:graines-de-moutarde-issues-de-l-agriculture-durable,en:mustard-seed,
en:yellow-mustard-seed,en:mustard-seed,2
en:nettle-leaf,en:nettle,1
de:röstzwiebelpulver,en:onion-powder,
en:hydrolised-pea-protein,en:pea-protein,1
en:hydrolysed-pea-protein,en:pea-protein,1
en:rehydrated-pea-protein,en:pea-protein,1
fr:jus-de-poire-concentre,en:pear,1
en:ribwort-plantain,en:plantain,1
en:organic-pumpkin-seed,en:pumpkin-seed,1
en:pumpkin-seed-flour,en:pumpkin-seed,2
en:concentrated-puree,en:puree,
fr:puree-et-puree-concentree,en:puree,
de:reisdrinkpulver,en:rice-syrup,1
en:brown-rice-syrup,en:rice-syrup,1
en:caramelised-rice-syrup,en:rice-syrup,1
fi:ruismallas-ja-ruismallasuute,en:rye-malt-extract,1
en:safflower-concentrate,en:safflower,1
en:mirin,en:sauce,1
en:remoulade-sauce,en:sauce,1
fr:preparation-deshydratee-pour-sauce,en:sauce,1
fr:sauce-aux-fruits-rouges,en:sauce,1
en:processed-euchema-algae,en:seaweed,1
en:seaweed-extract,en:seaweed,1
fr:algues-bretonnes,en:seaweed,1
fr:algues-de-bretagne-nord,en:seaweed,1
fr:paillettes-d-algues,en:seaweed,1
la:porphyra-yezoensis,en:seaweed,1
en:cereal-and-seed-mixture,en:seed,
de:schmand,en:sour-cream,
en:smetana,en:sour-cream,
de:sojaeiweißkonzentrat,en:soy-protein,
en:dehydrated-soy-protein,en:soy-protein,2
en:soy-protein-isolate,en:soy-protein,2
fr:concentre-de-proteines-de-soja,en:soy-protein,2
fr:proteines-de-soja-i-p,en:soy-protein,2
en:prunus-avium,en:sweet-cherry,
fr:bigarreaux-confits,en:sweet-cherry,
fr:preparation-de-tomates-decongelee,en:tomato-sauce,1
en:pure-vanilla,en:vanilla,
en:vanilla-seeds,en:vanilla,1
fr:huile-de-coco-vierge-biologique,en:virgin-coconut-oil,1
fr:gluten-vital-de-ble,en:wheat-gluten,2
de:molkeneiweißkäse,en:whey,
de:sauermolke,en:whey,
en:concentrated-whey,en:whey,1
en:condensed-whey,en:whey,
en:demineralised-whey,en:whey,
en:sheep-s-whey,en:whey,
en:sweet-whey,en:whey,2
de:eiweißangereichertes-molkenpulver,en:whey-powder,
en:partially-demineralized-powdered-whey,en:whey-powder,
nl:vegetarisch-weipoeder,en:whey-powder,
en:autolyzed-yeast-extract,en:yeast-extract,1
en:boysenberry-juice,en:boysenberry,1
en:mukimame,en:edamame,1
en:ivory-teff-flour,en:teff,1
en:teff-flour,en:teff,1
en:teff-seed,en:teff,1
en:whole-grain-ivory-teff-flour,en:teff,1
en:whole-grain-teff-seed,en:teff,1
fr:teff-souffle,en:teff,1
en:pasteurized-whipping-cream,en:cream,2
en:ammonium-and-sodium-carbonates,en:e500,1
en:diphosphates-and-sodium-carbonates,en:e500,1
en:e500i,en:e500,1
en:e500iii,en:e500,1
en:emulsifier-mono-and-diglycerides-of-fatty-acids,en:e471,1
en:mono-and-diglycerides-of-fatty-acids-of-vegetable-origin,en:e471,1
fr:mono-et-diglycerides-d-acides-gras-et-stearoyl-2-lactylate-de-sodium,en:e471,1
fr:epaississant-e415,en:e415,1
fr:glycerol-de-colza-et-gomme-xanthane,en:e415,1
en:lactose-and-milk-proteins,en:lactose,1
fr:lactose-et-mineraux-du-lait,en:lactose,1
en:e440aii,en:e440a,1
en:e440aiii,en:e440a,1
en:e440aiv,en:e440a,1
en:e440i,en:e440a,1
en:e440ii,en:e440a,1
en:fruit-pectin,en:e440a,1
en:calcium-dihydrogen-diphosphate,en:e450,1
en:dicalcium-pyrophosphate,en:e450,1
en:diphosphates-and-sodium-carbonates,en:e450,1
en:dipotassium-dihydrogenpyrophosphate,en:e450,1
en:disodium-diphosphate,en:e450,1
en:e450-stabilizer,en:e450,1
en:e450ii,en:e450,1
en:e450iii,en:e450,1
en:e450iv,en:e450,1
en:e450v,en:e450,1
en:e450vi,en:e450,1
en:e450vii,en:e450,1
en:e450viii,en:e450,1
en:tetrapotassium-diphosphate,en:e450,1
en:tetrasodium-diphosphate,en:e450,1
en:trisodium-diphosphate,en:e450,1
en:peruvian-carob-gum,fr:farine-de-graines-de-caroube-et-farine-de-graines-de-guar,1
en:e101i,en:e101,1
en:e101ii,en:e101,1
en:nicotinamide,en:e375,1
en:nicotinic-acid,en:e375,1
en:cobalamin,en:vitamins,1
en:niacin,en:vitamins,1
en:riboflavin,en:vitamins,1
en:thiamine,en:vitamins,1
en:tocoferol,en:vitamins,1
en:vitamin-and-mineral-blend,en:vitamins,1
en:vitamin-b8,en:vitamins,1
en:ammonium-and-sodium-carbonates,en:e503,1
en:e503i,en:e503,1
nl:vitamines-b2-en-b9,en:thiamin,1
fr:glycerol-d-origine-vegetale,en:e422,1
fr:humectant-glycerol,en:e422,1
en:e331i,en:e331,1
en:e331ii,en:e331,1
nl:smaakversterker-e621,en:e621,1
en:folacin,en:vitamins,1
nl:vitamines-b2-en-b9,en:vitamins,1
en:e420i,en:e420,1
fr:ferments-de-maturation,en:ferment,1
en:pyridoxine-5-phosphate,en:vitamin-b6,1
en:pyridoxine-dipalmitate,en:vitamin-b6,1
ca:carbonat-acid-de-sodi-i-difosfat-de-disodi,en:e450i,1
da:vitamin-a-og-d,en:vitamin-d,1
en:carotene,en:e160,1
fr:extrait-naturel-de-curcuma,en:e100,1
en:e451ii,en:e451,1
en:pentapotassium-triphosphate,en:e451,1
en:pentasodium-triphosphate,en:e451,1
en:e262i,en:e262,1
en:e170i,en:e170,1
en:e170ii,en:e170,1
en:hydroxocobalamin,en:vitamin-b12,1
en:dicalcium-phosphate,en:e341,1
en:e341ii,en:e341,1
en:monocalcium-phosphate,en:e341,1
en:tricalcium-phosphate,en:e341,1
ca:carbonat-acid-de-sodi-i-difosfat-de-disodi,en:e500ii,1
en:elemental-iron,en:iron,1
en:ferric-ammonium-citrate,en:iron,1
en:ferric-orthophosphate,en:iron,1
en:ferric-saccharate,en:iron,1
en:ferric-sodium-edta,en:iron,1
en:ferrous-ammonium-phosphate,en:iron,1
en:ferrous-bisglycinate,en:iron,1
en:ferrous-carbonate,en:iron,1
en:ferrous-citrate,en:iron,1
en:ferrous-l-pidolate,en:iron,1
en:ferrous-lactate,en:iron,1
en:iron-fumarate,en:iron,1
en:iron-gluconate,en:iron,1
en:iron-salts,en:iron,1
en:reduced-iron,en:iron,1
en:kosher-gelatin,en:e428,1
en:ethylvanillin,en:vanillin,1
en:calcium-polyphosphate,en:e452,1
en:e452ii,en:e452,1
en:e452iii,en:e452,1
en:e452iv,en:e452,1
en:e452v,en:e452,1
en:e452vi,en:e452,1
en:potassium-polyphosphate,en:e452,1
en:sodium-polyphosphate,en:e452,1
en:sodium-tripolyphosphate,en:e452,1
en:d-pantothenate-sodium,en:pantothenic-acid,1
en:dexpanthenol,en:pantothenic-acid,1
en:boron,en:minerals,1
en:calcium-gluconate,en:minerals,1
en:chromium,en:minerals,1
en:fluoride,en:minerals,1
en:molybdenum,en:minerals,1
en:vitamin-and-mineral-blend,en:minerals,1
da:vitamin-a-og-d,en:vitamin-a,1
en:beta-carotene,en:vitamin-a,1
en:retinol,en:vitamin-a,1
en:retinyl-acetate,en:vitamin-a,1
en:retinyl-palmitate,en:vitamin-a,1
fi:vitamiini-a-ja-d2,en:vitamin-a,1
en:carnauba-wax-coating-agents,en:e903,1
en:emulsifier-e472e,en:e472e,1
en:e339i,en:e339,1
en:e339iii,en:e339,1
en:cellulase,en:enzyme,1
en:e1104,en:enzyme,1
en:invertase,en:enzyme,1
en:lysozyme,en:enzyme,1
en:protease,en:enzyme,1
en:transglutaminase,en:enzyme,1
en:xylanase,en:enzyme,1
de:quellkohlensäure,en:e290,1
fr:mono-et-diglycerides-d-acides-gras-et-stearoyl-2-lactylate-de-sodium,en:e481,1
en:e333i,en:e333,1
en:e333ii,en:e333,1
en:e333iii,en:e333,1
en:calcium-l-ascorbate,en:vitamin-c,1
en:l-ascorbic-acid,en:vitamin-c,1
en:l-ascorbyl-6-palmitate,en:vitamin-c,1
en:potassium-l-ascorbate,en:vitamin-c,1
en:sodium-l-ascorbate,en:vitamin-c,1
en:e965i,en:e965,1
en:shea-oil,en:shea-butter,1
de:natursauerteig,en:sourdough,1
es:masa-madre-inactiva,en:sourdough,1
fr:levain-lactique,en:sourdough,1
nl:speltzuurdesempoeder,en:sourdough,1
fi:paakkuuntumisenestoaine-e551,en:e551,1
de:süssungsmittel-steviol-glycoside,en:e960,1
en:e501i,en:e501,1
en:e501ii,en:e501,1
en:potassium-carbonate,en:e501,1
en:potassium-hydrogen-carbonate,en:e501,1
de:inulin-aus-topinambur,en:inulin,1
ca:gasificant-e503ii,en:e503ii,1
en:d-alpha-tocopherol,en:vitamin-e,1
en:d-alpha-tocopheryl-acetate,en:vitamin-e,1
en:d-alpha-tocopheryl-acid-succinate,en:vitamin-e,1
en:d-alpha-tocopheryl-polyethylene-glycol-1000-succinate,en:vitamin-e,1
en:dl-alpha-tocopherol,en:vitamin-e,1
en:dl-alpha-tocopheryl-acetate,en:vitamin-e,1
hr:dl-alfa-tokoferil-acetat,en:vitamin-e,1
en:e304i,en:e304,1
en:e304ii,en:e304,1
en:potato-dextrin,en:e1400,1
en:stabilizer-e445,en:e445,1
en:calcium-bisglycinate,en:calcium,1
en:calcium-carbonate,en:calcium,1
en:calcium-chloride,en:calcium,1
en:calcium-citrate,en:calcium,1
en:calcium-citrate-malate,en:calcium,1
en:calcium-gluconate,en:calcium,1
en:calcium-glycerophosphate,en:calcium,1
en:calcium-hydroxide,en:calcium,1
en:calcium-l-pidolate,en:calcium,1
en:calcium-lactate,en:calcium,1
en:calcium-malate,en:calcium,1
en:calcium-oxide,en:calcium,1
en:calcium-phosphate,en:calcium,1
en:calcium-salts,en:calcium,1
en:calcium-salts-from-orthophosphoric-acid,en:calcium,1
en:calcium-sulfate,en:calcium,1
en:tricalcium-phosphate,en:calcium,1
en:white-and-yellow-beeswax,en:e901,1
en:e460ii,en:e460,1
en:microcrystalline-cellulose,en:e460,1
en:e141i,en:e141,1
en:e141ii,en:e141,1
en:dipotassium-phosphate,en:e340,1
en:e340i,en:e340,1
en:e340iii,en:e340,1
en:monopotassium-phosphate,en:e340,1
en:tripotassium-phosphate,en:e340,1
en:rehydrated-wheat-protein,en:wheat-protein,1
en:textured-wheat-protein,en:wheat-protein,1
en:wheat-protein-isolate,en:wheat-protein,1
en:e332i,en:e332,1
en:e332ii,en:e332,1
nl:kaliumjodide-en-hydroxide,en:potassium-iodide,1
en:e504i,en:e504,1
en:e504ii,en:e504,1
en:e336ii,en:e336,1
fi:vitamiini-a-ja-d2,en:ergocalciferol,1
en:ferrous-gluconate-to-stabilize-color,en:e579,1
en:sodium-cyclamate,en:e952,1
en:magnesium-bisglycinate,en:magnesium,1
en:magnesium-carbonate,en:magnesium,1
en:magnesium-chloride,en:magnesium,1
en:magnesium-citrate,en:magnesium,1
en:magnesium-gluconate,en:magnesium,1
en:magnesium-glycerophosphate,en:magnesium,1
en:magnesium-hydroxide,en:magnesium,1
en:magnesium-l-aspartate,en:magnesium,1
en:magnesium-l-pidolate,en:magnesium,1
en:magnesium-lactate,en:magnesium,1
en:magnesium-oxide,en:magnesium,1
en:magnesium-phosphate,en:magnesium,1
en:magnesium-potassium-citrate,en:magnesium,1
en:magnesium-salts-of-citric-acid,en:magnesium,1
en:magnesium-salts-of-orthophosphoric-acid,en:magnesium,1
en:magnesium-sulfate,en:magnesium,1
en:sodium-bicarbonate,en:sodium,1
en:sodium-carbonate,en:sodium,1
en:sodium-gluconate,en:sodium,1
en:sodium-hydroxide,en:sodium,1
en:sodium-lactate,en:sodium,1
en:sodium-phosphate,en:sodium,1
en:sodium-salts-of-orthophosphoric-acid,en:sodium,1
en:liquorice-extract,en:liquorice,1
en:liquorice-powder,en:liquorice,1
en:calcium-phosphate,en:e341iii,1
fr:saccharinate-de-sodium,en:e954,1
fr:fibres-vegetales-d-oligofructose,en:oligofructose,
en:hydrolysed-corn-protein,en:hydrolysed-vegetable-protein,1
en:e172i,en:e172,1
en:e172ii,en:e172,1
en:e172iii,en:e172,1
en:magnesium-potassium-citrate,en:potassium,1
en:potassium-bicarbonate,en:potassium,1
en:potassium-carbonate,en:potassium,1
en:potassium-chloride,en:potassium,1
en:potassium-gluconate,en:potassium,1
en:potassium-glycerophosphate,en:potassium,1
en:potassium-hydroxide,en:potassium,1
en:potassium-lactate,en:potassium,1
en:potassium-phosphate,en:potassium,1
en:potassium-salts-of-orthophosphoric-acid,en:potassium,1
en:tripotassium-citrate,en:potassium,1
en:e350i,en:e350,1
en:e350ii,en:e350,1
en:menaquinone,en:vitamin-k,1
en:vitamin-k3,en:vitamin-k,1
en:e140i,en:e140,1
en:e140ii,en:e140,1
nl:kaliumjodide-en-hydroxide,en:e525,1
fr:lactose-et-mineraux-du-lait,en:milk-minerals,1
en:beetroot-juice-concentrate,en:beetroot-juice,1
en:copper-gluconate,en:copper,1
en:copper-lysine-complex,en:copper,1
en:copper-sulfate,en:copper,1
en:cupric-carbonate,en:copper,1
en:cupric-citrate,en:copper,1
en:calcium-iodate,en:iodine,1
en:potassium-iodate,en:iodine,1
en:sodium-iodate,en:iodine,1
en:manganese-carbonate,en:manganese,1
en:manganese-chloride,en:manganese,1
en:manganese-gluconate,en:manganese,1
en:manganese-glycerophosphate,en:manganese,1
de:rindergehacktes,en:beef-meat,2
en:angus-beef,en:beef-meat,2
fr:viande-bovine-de-race-charolaise,en:beef-meat,2
fr:viande-bovine-fraiche-protegee-sous-vide,en:beef-meat,2
fr:viande-bovine-hachee,en:beef-meat,2
fr:viande-bovine-halal,en:beef-meat,2
fr:viande-bovine-origine-france,en:beef-meat,2
fr:oeufs-frais-de-poules-elevees-en-plein-air,en:fresh-egg,2
en:organic-free-range-chicken-eggs,en:free-range-chicken-eggs,2
fr:oeuf-moyen-de-poule-eleve-en-plein-air-sans-antibiotiques,en:free-range-chicken-eggs,2
fr:lait-de-vache-bio-thermise,en:cow-s-milk,2
fr:lait-frais-de-nos-vaches-non-homogeneise,en:cow-s-milk,2
en:dark-durum-wheat-flour,en:durum-wheat-flour,2
nl:durum-tarwegriesmeel,en:durum-wheat-flour,2
en:british-lamb,en:lamb-meat,2
en:edamame,en:soya-bean,
en:soya-bean-paste,en:soya-bean,2
en:soybean-meal,en:soya-bean,2
fr:feves-de-soja-sans-ogm-decortiquees,en:soya-bean,2
fr:quinoa-rouge-et-blanc,en:white-quinoa,2
en:demerara-sugar,en:unrefined-cane-sugar,2
en:unrefined-whole-cane-sugar,en:unrefined-cane-sugar,2
en:einkorn-flour,en:cereal-flour,2
en:ivory-teff-flour,en:cereal-flour,2
en:sorghum-flour,en:cereal-flour,2
en:teff-flour,en:cereal-flour,2
en:citrus-fibre,en:citrus-fruit,2
en:citrus-pectin,en:citrus-fruit,2
en:kaffir-lime,en:citrus-fruit,2
fr:ecorces-d-agrumes,en:citrus-fruit,2
fr:jus-d-orange-et-autres-agrumes-a-base-de-concentres,en:citrus-fruit,2
en:liquid-whole-free-range-egg,en:liquid-whole-egg,2
fr:riz-long-grain-naturellement-parfume,en:long-grain-rice,2
fr:riz-long-parfume,en:long-grain-rice,2
en:oil,en:oil-and-fat,2
fr:oeufs-entiers-reconstitues,en:whole-egg,2
en:cocoa-paste-processed-with-alkali,en:cocoa,
en:organic-cocoa-paste,en:cocoa,1
en:natural-organic-vanilla-flavouring,en:natural-vanilla-extract,1
en:natural-vanilla-flavouring-with-other-natural-flavourings,en:natural-vanilla-extract,
en:modified-potato-starch,en:starch,
fr:amidon-de-ble-partiellement-modifie,en:starch,2
fr:amidons-modifies-de-mais-et-de-pomme-de-terre,en:starch,2
fr:oignon-prefrit-a-l-huile-de-tournesol,en:fried-onion,
de:vanilleschotenpulver,en:vanilla,
en:precooked-mackerel-fillet,en:atlantic-mackerel,1
en:lemon-pepper,en:spice,
en:ras-el-hanout,en:spice,
fr:riz-rond-biologique-de-qualite-superieure,en:organic-rice,2
en:marc-de-bourgogne,en:pomace-brandy,2
en:marc-de-champagne,en:pomace-brandy,2
en:organic-free-range-chicken-eggs,en:organic-chicken-egg,2
de:roggenvollkornschrot,en:wholemeal-rye,2
en:germinated-black-rice,en:black-rice,2
fr:riz-rond-de-qualite-superieure,en:round-rice,2
en:exhausted-vanilla-seeds,en:vanilla-seeds,2
fr:jus-de-peche-a-base-de-concentre,en:peach-juice,2
fi:rypäle-ja-vadelmatäysmehu-tiivisteestä,en:raspberry-juice,2
fr:jus-de-framboise-a-base-de-concentre,en:raspberry-juice,2
en:goat,en:meat,2
en:horse,en:meat,2
fr:melange-de-miels-de-fleurs-originaires-et-non-originaires-de-l-union-europeenne-issus-de-l-agriculture-biologique,en:blend-of-non-eu-honey,
fr:melanges-de-miels-d-acacia-originaires-et-non-originaires-de-l-union-europeenne,en:blend-of-non-eu-honey,
en:blend-of-eu-honeys,en:honey,
en:lactarius-sanguifluus,en:mushroom,
de:bourbon-vanilleschote-gemahlen,en:vanilla,
de:bourbonvanilleschotenextrakt,en:vanilla,
fr:oeufs-de-categorie-a-de-poules-elevees-en-plein-air,en:egg,1
fr:oeufs-de-poules-elevees-en-cage-de-categorie-a,en:egg,
en:clarified-cow-s-butter,en:butter,
es:trocitos-de-pepitas-de-cacao-caramelizadas,en:cocoa,
fr:eclats-de-feves-de-cacao-torrefies,en:cocoa,
en:powdered-concentrated-celery-juice,en:celery,2
en:natural-emulsifier,en:soya-lecithin,
en:cantharellus-cibarius,en:mushroom,
fr:jus-de-kiwi-a-base-de-concentre,en:kiwi,2
en:malted-wholemeal-rye-flakes-and-flour,en:wholemeal-rye-flour,
en:concentrated-grape-must,en:grape,2
en:natural-onion-flavouring,en:onion,
en:essential-orange-oil-flavour,en:orange,2
en:organic-peppermint-oil,en:peppermint,2
en:roscoff-onion-powder,en:onion,2
en:roscoff-pdo-onions,en:onion,2
fr:petales-de-bleuet,en:blueberry,2
fr:preparation-a-base-de-filets-de-poulet-traites-en-salaison,fr:viande-de-poulet-traitee-en-salaison-cuite,
fi:pakastekuivattu-mansikka-paloina,en:freeze-dried-raspberries,2
fi:omena-päärynä-ja-rypäletäysmehu-tiivisteestä,en:pear-juice-from-concentrate,2
fr:moules-du-pacifique-decoquillees-cuites,en:mussel,
fi:virikehäkkikanan-muna,en:egg,
fr:oeufs-frais-dates-du-jour-de-ponte-de-poules-elevees-en-cage,en:egg,
fr:oeufs-frais-de-poules-elevees-en-cage,en:egg,
en:mixed-peel,en:fruit,
en:einkorn-flour,en:einkorn-wheat,2
fr:haricots-mogettes-de-vendee,fr:haricots-mogettes,2
en:ground-rye-malt,en:wheat-malt,2
en:rye-malt-extract,en:wheat-malt,2
en:rye-malt-grist,en:wheat-malt,2
fi:ruismallas-ja-ruismallasuute,en:wheat-malt,2
en:germinated-black-rice,en:germinated-rice,2
en:natural-elderberry-extract,en:elderberry-extract,2
en:whole-rye-sourdough,en:sourdough,1
nl:rogge-zuurdesempoeder,en:sourdough,1
en:dextrose-monohydrate,en:glucose,2
en:organic-dextrose,en:glucose,2
en:polydextrose,en:glucose,2
en:e322i,en:soya-lecithin,
en:e322ii,en:soya-lecithin,
fr:plantes-aromatiques-et-epices-dont-herbes-aromatiques,en:spice-extract,2
en:modified-rice-starch,en:rice,2
nl:gefractioneerd-melkvet,en:butter,2
en:sea-squirt,en:shellfish,1
en:agave-fibre,en:wheat-bran,1
en:apple-fiber,en:wheat-bran,1
en:chicory-fibre,en:wheat-bran,1
en:lemon-fibre,en:wheat-bran,1
en:pineapple-fibre,en:wheat-bran,1
en:potato-fibre,en:wheat-bran,1
en:soy-fiber,en:wheat-bran,1
en:sugar-beet-fibre,en:wheat-bran,1
fr:fibres-de-legume,en:wheat-bran,1
fr:fibres-de-tomate,en:wheat-bran,1
en:soluble-fibre,en:wheat-bran,1
en:acacia-fibre,en:wheat-bran,2
en:decaffeinated-green-tea,en:plant,1
en:green-tea-extract,en:plant,1
en:green-tea-from-china,en:plant,1
en:green-tea-leaf,en:plant,1
fr:the-vert-au-jasmin,en:plant,1
fr:the-vert-d-indonesie,en:plant,1
fr:concentre-d-hibiscus-et-de-carotte,en:plant,1
en:unrefined-sea-salt-from-the-atlantic,en:salt,
fr:flocons-de-ble-malte,en:oat-flakes,
en:black-tea-extract,en:plant,1
en:black-tea-leaf,en:plant,1
en:decaffeinated-black-tea,en:plant,1
fr:infusion-de-the-noir-concentree,en:plant,1
fr:the-noir-darjeeling,en:plant,1
en:rennet,en:enzyme,1
en:sheep-rennet,en:enzyme,1
en:lovage-root,en:parsley,
en:beta-galactosidase,en:enzyme,1
fr:yaourt-britannique-a-faible-teneur-en-matieres-grasses,en:yogurt,2
es:tegumento-de-psyllium-rubio,en:wheat-bran,1
en:lactic-ferments,en:ferment,1
en:alpha-amylase,en:enzyme,1
fr:anethol-de-badiane,en:spice,2
de:eiweißpulver-aus-sonnenblumenkernen,en:protein,1
en:broad-bean-protein,en:protein,1
en:oat-protein,en:protein,1
en:potato-protein,en:protein,1
en:rapeseed-protein,en:protein,1
en:freshly-brewed-arabica-coffee,en:coffee,
fr:cafe-arabica-de-colombie-en-poudre,en:coffee,
fr:cafe-arabica-du-bresil,en:coffee,
fr:cafe-arabica-torrefie,en:coffee,
en:organic-verbena,en:herb,1
fr:feuilles-de-verveine,en:herb,1
fr:sirop-de-malt-d-orge-deshydrate,en:rice-syrup,1
en:black-galangal,en:ginger,
nl:gemalen-galangawortel,en:ginger,
fr:rooibos-d-afrique-du-sud,en:plant,1
en:whole-grain-ivory-teff-flour,en:wholemeal-barley-flour,
en:whole-grain-einkorn-flour,en:wholemeal-barley-flour,2
en:whole-grain-teff-flour,en:wholemeal-barley-flour,2
en:whole-grain-triticale-flour,en:wholemeal-barley-flour,2
en:bifidobacterium-bifidum,en:ferment,1
en:bifidobacterium-lactis,en:ferment,1
en:bifidobacterium-longum,en:ferment,1
es:bifidobacterias-y-otros-fermentos-lacticos,en:ferment,1
en:wholemeal-rye-flakes,en:rye,1
fr:sirop-de-sorbitol-de-ble,en:e420,1
en:camomile-flower,en:herb,1
en:organic-lemon-balm,en:herb,1
en:highly-fat-reduced-cocoa,en:fat-reduced-cocoa-powder,
en:beef-casing,en:protein,1
en:hydrolyzed-collagen,en:protein,1
en:pork-collagen,en:protein,1
fr:boyau-collagenique,en:protein,1
en:maltose-syrup,en:sugar,2
la:aspergillus-oryzae,en:ferment,1
la:aspergillus-sojae,en:ferment,1
fr:marinade-barbecue,en:sauce,1
fr:marinade-tex-mex,en:sauce,1
en:tea-extract,en:plant,1
en:tea-from-ceylon,en:plant,1
en:tea-leaf,en:plant,1
fr:levain-deshydrate-et-devitalise,en:sourdough,1
en:beef-protein,en:protein,1
en:blood-proteins,en:protein,1
en:chicken-blood,en:protein,1
en:chicken-protein,en:protein,1
en:organic-ceylon-black-tea,en:plant,1
en:concentrated-chokeberry-juice,en:fruit,1
de:hydrolysiertes-schweineprotein,en:protein,1
en:hydrolysed-milk-protein,en:hydrolysed-vegetable-protein,1
en:hydrolysed-pea-protein,en:hydrolysed-vegetable-protein,1
fr:ferments-lactiques-dont-lactobacillus-casei,en:ferment,1
it:l-casei-431,en:ferment,1
en:liquorice-root-extract,en:liquorice,1
en:organic-plant-extracts,en:plant,1
en:modified-red-port,en:liqueur-wine,
en:rose-water,en:herb,1
en:selenium-enriched-yeast,en:sodium-selenite,1
en:cooked-tagliatelle,en:pasta,1
en:pepper-jack,en:cheese,
en:himalayan-pink-salt,en:salt,
en:pecorino-romano,en:sheep-s-milk-cheese,
en:mild-yogurt,en:whole-yogurt,2
en:mild-yogurt,en:semi-skimmed-mild-yogurt,2
en:mild-yogurt,en:skimmed-mild-yogurt,2
en:pea-protein,en:pea,2
en:coating,fr:chocolat-de-couverture,1
en:coating,fr:chocolat-noir-de-couverture,
en:coating,en:fat-reduced-cocoa-powder,
en:coating,fr:enrobage-chocolat-au-lait,
en:vegetable,en:artichoke,2
en:vegetable,en:asparagus,2
en:vegetable,en:aubergine,2
en:vegetable,en:avocado,2
en:vegetable,en:bamboo,2
en:vegetable,en:belgian-endive,2
en:vegetable,en:bell-pepper,2
en:vegetable,en:broccoli,2
en:vegetable,en:broccoli-floret,2
en:vegetable,en:butternut-squash,2
en:vegetable,en:cabbage,2
en:vegetable,en:cardoon,2
en:vegetable,en:cauliflower,2
en:vegetable,en:celery,2
en:vegetable,en:chard,2
en:vegetable,en:chicory,2
en:vegetable,en:chili-pepper,2
en:vegetable,en:courgette,2
en:vegetable,en:cress,2
en:vegetable,en:cucumber,2
en:vegetable,en:curly-endive,2
en:vegetable,en:endive,2
en:vegetable,en:frisee-lettuce,2
en:vegetable,en:green-tomato,2
en:vegetable,en:heart-of-palm,2
en:vegetable,en:mixed-vegetables,2
en:vegetable,en:okra,2
en:vegetable,en:pumpkin,2
en:vegetable,en:radicchio,2
en:vegetable,en:red-kuri-squash,2
en:vegetable,en:rhubarb,2
en:vegetable,en:salad,2
en:vegetable,en:spinach,2
en:vegetable,en:tomato,2
en:vegetable,en:vegetable-blend,2
en:vegetable,en:beetroot-sprouts,2
en:vegetable,en:dehydrated-onion,2
en:vegetable,fr:legumes-verts,2
en:poultry-skin,en:chicken-skin,1
en:poultry-skin,en:turkey-skin,1
en:e503,en:ammonium-and-sodium-carbonates,2
en:e322i,en:rapeseed-lecithin,
en:e322i,en:sunflower-lecithin,
en:e322i,fr:emulsifiant-lecithine-de-tournesol,1
en:lime-juice,en:concentrated-lemon-juice,2
de:getreideflocken,en:whole-grain-oat-flakes,1
en:casing,fr:boyau-naturel-de-porc,1
en:black-olive,en:green-olives,2
en:black-olive,en:olive-pate,2
en:orange-blossom-flavouring,en:orange,2
en:oil,en:frying-oil,2
en:e428,en:beef-gelatin,2
en:e428,en:fish-gelatine,2
en:e428,en:pork-gelatin,2
en:e428,fr:gelatine-de-volaille,2
en:e428,fr:gelatine-non-porcine,2
fr:ail-seche,en:rehydrated-garlic,1
en:vegetable-protein,en:broad-bean-protein,2
en:vegetable-protein,en:oat-protein,2
en:fresh-whole-milk,fr:lait-frais-de-montagne-entier-pasteurise,1
en:fresh-whole-milk,fr:lait-frais-entier-microfiltre,1
en:fresh-whole-milk,fr:lait-frais-entier-pasteurise,1
en:camargue-rice,en:camargue-long-grain-white-rice,1
en:camargue-rice,en:camargue-whole-long-grain-black-rice,1
en:camargue-rice,en:camargue-whole-long-grain-rice,1
en:sorghum-flour,en:whole-sorghum-flour,2
fr:fruits-des-bois,en:blackcurrant,
fr:fruits-des-bois,en:elderberry,
fr:fruits-des-bois,en:raspberry,
en:barley-malt-syrup,en:glucose,2
en:oily-fish,en:anchovy,
en:oily-fish,en:european-conger,
en:oily-fish,en:garfish,
en:oily-fish,en:herring,
en:oily-fish,en:jack-mackerels,
en:oily-fish,en:mackerel,
en:oily-fish,en:salmon,
en:oily-fish,en:sardine,
en:oily-fish,en:swordfish,
en:oily-fish,en:trout,
en:unrefined-sugar,en:unrefined-cane-sugar,2
en:thai-long-grain-rice,en:rice,1
en:thai-long-grain-rice,en:organic-thai-long-grain-white-rice,1
en:triticale,en:whole-grain-triticale,2
en:shortening,en:vegetable-oil,2
en:pork-by-product,fr:couenne-et-gras-de-porc,2
en:e150,en:caramelised-sugar,2
en:organic-long-grain-rice,en:organic-long-grain-white-rice,1
en:tomato-puree,en:concentrated-tomato-puree,1
en:tomato-puree,en:double-concentrated-tomato,1
en:tomato-puree,en:organic-tomato-puree,1
en:tomato-puree,fr:puree-de-tomate-mi-reduite,1
en:whole-spelt,en:whole-grain-spelt-flakes,1
en:citrus-fruit,en:clementine,1
en:citrus-fruit,en:grapefruit,1
en:citrus-fruit,en:lemon,1
en:citrus-fruit,en:lime,1
en:citrus-fruit,en:mandarin,1
en:citrus-fruit,en:orange,1
en:wheat-malt,en:wheat-malt-flour,1
en:wheat-malt,fr:ble-malte-concasse,1
en:raw-milk,fr:lait-cru-entier,1
en:molybdenum,en:sodium-molybdate,2
en:durum-wheat-flour,en:durum-whole-wheat-flour,1
en:strawberry-juice-concentrate,en:strawberry-juice-from-concentrate,1
en:hydrogenated-oil,en:vegetable-oil,2
en:concentrated-pineapple-juice,en:organic-concentrated-pineapple-juice,2
en:caseinate,en:sodium-caseinate,1
en:crustacean,en:crayfish,2
en:crustacean,en:lobster,2
en:crustacean,en:shrimp,2
en:vegetable-suet,en:vegetable-oil,
en:flavouring-preparation,en:spice,
en:flour,en:flour-blend,1
en:flour,en:wheat-flour,1
en:soya-bean,en:sprouted-soybeans,1
en:glucose,en:glucose-fructose,1
en:whole-milk-yogurt,en:whole-milk-powder,1
en:glaze,en:chocolate-glaze,2
en:superior-quality-long-grain-rice,en:organic-long-grain-white-rice,1
en:sauce,en:bearnaise-sauce,2
en:sauce,en:bechamel-sauce,2
en:sauce,en:bolognese-sauce,2
en:sauce,en:cheese-sauce,2
en:sauce,en:cream-sauce,2
en:sauce,en:fish-sauce,2
en:sauce,en:harissa,2
en:sauce,en:hot-sauce,2
en:sauce,en:ketchup,2
en:sauce,en:mayonnaise,2
en:sauce,en:pesto,2
en:sauce,en:prepared-sauce,2
en:sauce,en:remoulade-sauce,2
en:sauce,en:soy-sauce,2
en:sauce,en:sweet-and-sour-sauce,2
en:sauce,en:tomato-sauce,2
en:sauce,en:vinaigrette,2
en:sauce,en:chocolate-sauce,2
en:sauce,fr:sauce-au-vinaigre-balsamique,2
en:sauce,fr:sauce-aux-fruits-rouges,2
en:sauce,fr:sauce-hamburger,2
en:cow-s-milk,en:pasteurised-cow-s-milk,1
en:cow-s-milk,en:skimmed-milk,1
en:cow-s-milk,en:semi-skimmed-cow-s-milk,1
en:cow-s-milk,en:whole-cow-s-milk,1
en:cow-s-milk,fr:lait-de-vache-bio-thermise,1
en:cow-s-milk,fr:lait-frais-de-nos-vaches-non-homogeneise,1
en:glucose-fructose-syrup,en:high-fructose-corn-syrup,1
en:glucose-fructose-syrup,en:wheat-glucose-fructose-syrup,1
en:algae-extract,en:seaweed-extract,2
fr:pommes-de-terre-de-consommation-a-chair-ferme,fr:pommes-de-terre-de-consommation-a-chair-ferme-bio,2
en:herb,en:basil,2
en:herb,en:bay-leaf,2
en:herb,en:blue-fenugreek,2
en:herb,en:celery,2
en:herb,en:chervil,2
en:herb,en:coriander,2
en:herb,en:coriander-leaves,2
en:herb,en:dill,2
en:herb,en:herbes-de-provence,2
en:herb,en:spice-extract,
en:herb,en:parsley,
en:herb,en:marjoram,2
en:herb,en:mint,2
en:herb,en:oregano,2
en:herb,en:rosemary,2
en:herb,en:sage,2
en:herb,en:summer-savory,2
en:herb,en:tarragon,2
en:herb,en:thyme,2
en:koji,en:rice-koji,2
en:natural-lemon-flavouring,en:lime,
en:root-vegetable,en:beetroot,2
en:root-vegetable,en:carrot,2
en:root-vegetable,en:cassava,2
en:root-vegetable,en:celeriac,2
en:root-vegetable,en:chives,2
en:root-vegetable,en:horseradish,2
en:root-vegetable,en:jerusalem-artichoke,2
en:root-vegetable,en:parsnip,2
en:root-vegetable,en:potato,2
en:root-vegetable,en:radish,2
en:root-vegetable,en:salsify,2
en:root-vegetable,en:sugar-beet,2
en:root-vegetable,en:sweet-potato,2
en:root-vegetable,en:turnip,2
en:root-vegetable,en:turnip-rape,2
en:root-vegetable,en:yam,2
en:organic-olive-oil,en:organic-extra-virgin-olive-oil,1
en:cuttlefish,en:common-cuttlefish,2
en:cereal-flour,en:amaranth-flour,1
en:cereal-flour,en:barley-flour,1
en:cereal-flour,en:buckwheat-flour,1
en:cereal-flour,en:khorasan-wheat-flour,1
en:cereal-flour,en:malt-flour,1
en:cereal-flour,en:millet-flour,1
en:cereal-flour,en:oat-flour,1
en:cereal-flour,en:rye-flour,1
en:cereal-flour,en:sorghum-flour,1
en:cereal-flour,en:spelt-flour,1
en:cereal-flour,en:wheat-flour,1
en:cereal-flour,en:wholemeal-barley-flour,1
en:cakes,en:sponge-cake,2
en:vegetable-concentrate,en:concentrated-grape-juice,1
en:citrus-flavouring,en:orange,
en:varietal,en:grape,
en:varietal,en:cassia,
en:varietal,en:grenache,2
en:varietal,en:muscadelle,2
en:varietal,en:pinot-meunier,
en:e1400,en:dextrinated-cornmeal,2
en:e1400,en:dextrinated-wheat-flour,2
en:oil-and-fat,en:fat,1
en:oil-and-fat,en:oil,1
en:oil-and-fat,en:vegetable-oil,1
en:beef-meat,en:beef-heart,1
en:beef-meat,en:beef-tongue,1
en:beef-meat,en:beef-tripe,1
en:beef-meat,en:cooked-beef-meat,1
en:beef-meat,en:minced-beef,1
en:beef-meat,fr:carpaccio-de-boeuf,1
en:beef-meat,fr:viande-bovine-de-race-charolaise,1
en:beef-meat,fr:viande-bovine-fraiche-protegee-sous-vide,1
en:beef-meat,fr:viande-bovine-hachee,1
en:beef-meat,fr:viande-bovine-halal,1
en:beef-meat,fr:viande-bovine-origine-france,1
en:natural-lime-flavouring,en:lime,
en:plant-concentrates,en:concentrated-grape-juice,1
en:quark,en:lean-stern,2
en:salt-from-guerande,en:salt,2
en:salt-from-guerande,en:fleur-de-sel-from-guerande,2
en:salt-from-guerande,en:grey-salt-from-guerande,2
en:e500,en:ammonium-and-sodium-carbonates,2
en:rice-starch,en:modified-rice-starch,1
en:malt,en:malted-barley,2
en:malt,en:wholemeal-rye-flour,2
en:malt,en:wheat-malt,
en:malt,en:rye-malt-flour,2
en:cereal,de:getreideflocken,2
en:cereal,en:barley,2
en:cereal,en:buckwheat,2
en:cereal,en:corn,2
en:cereal,en:wheat,
en:cereal,en:khorasan-wheat,2
en:cereal,en:millet,2
en:cereal,en:oat,2
en:cereal,en:puffed-cereal,2
en:cereal,en:rye,2
en:cereal,en:sorghum,2
en:cereal,en:spelt,2
en:cereal,en:wholemeal-oat,2
en:cereal,fr:cereales-biscuitees,2
en:lardon,en:cooked-lardoons,1
en:lardon,en:smoked-lardoons,1
en:lactobacillus,en:ferment,1
en:collagen,en:pork,2
en:raspberry-juice,fr:jus-de-framboise-a-base-de-concentre,1
en:yellow-mustard-seed,en:yellow-and-brown-mustard-seeds,2
en:seaweed,en:ascophyllum,2
en:seaweed,en:fucus,2
en:seaweed,en:kelp,2
en:seaweed,en:kombu,2
en:seaweed,en:laver,2
en:seaweed,en:nori,2
en:seaweed,en:sea-lettuce,2
en:seaweed,en:seaweed-extract,2
en:seaweed,en:thongweed,2
en:seaweed,en:wakame,2
en:legume,en:beans,2
en:legume,en:red-beans,2
en:legume,en:broad-bean,2
en:legume,en:brown-beans,2
en:legume,en:chickpea,2
en:legume,en:flageolets,2
en:legume,en:lentils,2
en:legume,en:lupin,2
en:legume,en:pea,2
en:legume,en:soya-bean,2
en:iodine,en:sodium-iodate,2
en:bread-crumbs,en:wholemeal-breadcrumbs,2
en:flageolets,en:beans,1
en:green-tea,fr:the-vert-d-indonesie,2
en:long-grain-rice,en:brown-long-grain-rice,1
en:long-grain-rice,en:long-grain-white-rice,1
en:long-grain-rice,en:parboiled-long-grain-rice,1
en:long-grain-rice,fr:riz-long-semi-complet,1
en:pork-collagen,fr:boyau-naturel-de-porc,1
en:organic-rice,en:organic-brown-rice,1
en:organic-rice,en:organic-high-quality-long-grain-basmati-rice,1
en:organic-rice,en:parboiled-organic-long-grain-rice,1
en:organic-rice,en:organic-long-grain-white-rice,1
en:organic-rice,fr:riz-basmati-demi-complet-issu-de-l-agriculture-biologique,1
en:organic-rice,fr:riz-long-semi-complet-issu-de-l-agriculture-biologique,1
en:fruit-juice-concentrate,en:fruit-juice-from-concentrate,2
en:fruit-juice-concentrate,en:fruit-juices-and-purees-from-concentrate,2
en:fruit-juice-concentrate,fr:jus-de-fruits-rouges-a-base-de-concentres,
en:e160c,en:chili-pepper,
en:e160c,en:paprika,
en:rye-malt,en:rye-malt-extract,1
en:natural-mineral-water,en:carbonated-natural-mineral-water,2
en:natural-mineral-water,en:luchon-natural-mineral-water,2
en:natural-mineral-water,en:volvic-natural-mineral-water,2
en:butterfat,en:butter,1
en:e392,en:rosemary,
en:unrefined-cane-sugar,en:demerara-sugar,1
en:unrefined-cane-sugar,en:organic-unrefined-cane-sugar,1
en:unrefined-cane-sugar,fr:sucre-roux-de-canne-en-poudre,1
en:cornflower,en:blueberry,2
en:germinated-rice,en:germinated-brown-rice,1
en:germinated-rice,en:germinated-red-rice,1
en:dehydrated-seaweed,en:algae,
fr:sirop-d-amidon,en:corn-starch,2
en:emmental-from-france,fr:emmental-francais-rape,2
en:hydrogenated-vegetable-fat,en:vegetable-oil,1
en:pepper-extract,en:black-pepper-extract,
en:mollusc,en:clam,2
en:mollusc,en:mussel,2
en:mollusc,en:oyster,2
en:mollusc,en:scallop,2
en:mollusc,en:squid,2
en:fluoride,en:potassium-iodide,1
en:fluoride,en:sodium-iodide,2
fr:marrons-entiers,fr:marrons-entiers-bio,2
en:fenugreek-leaf,en:dried-fenugreek-leaves,2
en:prebiotics,en:oligofructose,
en:peach-juice,fr:jus-de-peche-a-base-de-concentre,1
en:hydrogenated-colza-oil,fr:huile-de-colza-totalement-hydrogenee,1
en:round-rice,fr:riz-rond-blanc,1
en:round-rice,fr:riz-rond-complet,1
en:round-rice,fr:riz-rond-demi-complet,1
en:gluten,en:barley-gluten,2
en:gluten,en:wheat-gluten,2
en:palm-fat,en:non-hydrogenated-palm-fat,1
en:palm-fat,en:totally-hydrogenated-palm-oil,1
en:einkorn-flour,en:whole-grain-einkorn-flour,1
en:vanillin,fr:sucre-vanilline,2
en:milk-proteins,en:whey,2
en:folate,en:vitamins,1
en:free-range-eggs,en:free-range-chicken-eggs,2
en:octopus,en:common-octopus,2
en:buffalo-milk,en:pasteurised-buffalo-milk,2
en:whey-protein,en:concentrated-whey-protein,2
